Name,IP Addresses,Last Reported Users
DSSSACOMER,"10.129.5.71, 10.129.6.142, 100.224.15.184, 2607:fb90:5238:ab17:353c:bd50:63df:1d65, 2607:fb90:5238:ab17:b8c8:dac5:67a7:7702, 2607:fb90:5238:ab17:c1f7:379e:c3ac:77dc",CABARRUS\SACOMER
ALPSEUNGER,10.9.16.162,CABARRUS\SEUNGER
DSSALHODGES,10.129.6.183,CABARRUS\ALHODGES
CCSOAPPS,10.10.1.205,CABARRUS\SRVOSSI
TRANJLSMITH,"10.129.4.107, 10.129.4.234",CABARRUS\JLSMITH
ANIMALSHELTER1,10.10.16.176,CABARRUS\CPEDIGO
SHFDISASTOQUE,"10.8.63.24, 10.10.15.28",CABARRUS\DISASTOQUE
BOEOFFICE10,10.9.5.61,CABARRUS\TRWOHLTMANN
WATERS,"10.2.3.121, 10.2.3.124",
BILAPNBGRAY,"192.168.1.28, 2600:1004:b090:b1a9:10d7:5a55:5dc2:b97e, 2600:1004:b090:b1a9:ac3a:73e:7595:4e77",CABARRUS\NBGRAY
TRANJCFREEZE,"10.129.5.61, 10.129.6.115",CABARRUS\JCFREEZE
SHFTSMORRISON,10.0.0.64,CABARRUS\TSMORRISON
ARENARKOCKEN,10.30.4.81,CABARRUS\LCLIVESAY
DSSDSROBINSON,"10.129.4.85, 10.129.5.17",CABARRUS\DSROBERSON
BIRJCARNEY,192.168.1.3,CABARRUS\RJCARNEY
EOCFIRE3,10.0.0.6,CABARRUS\SQ410
TAXMEISIDORI,"10.8.53.22, 10.9.6.214",CABARRUS\MEISIDORI
SHFCID-2,10.10.15.33,CABARRUS\AGSAMPLES
MASTERCONTROLPC,10.10.16.155,CABARRUS\RLCLARK
WEIGHSTATIONAPP,10.9.13.10,CABARRUS\ITS14
SHFCWINDLEY,10.10.15.201,CABARRUS\CLWINDLEY
DSSCSMSTAPULA,"192.168.1.226, 2603:6080:c004:d40::82e",CABARRUS\MSTAPULA
LIBSIGNAGE-DOWN,10.25.5.191,CABARRUS\DBGRASSO
DSSTNPARKS,"10.129.4.180, 10.129.4.233, 100.227.237.35, 2607:fb90:1bc6:8443:186c:791f:18fc:932e, 2607:fb90:1bc6:8443:7d5b:6d27:7bae:2f6e, 2607:fb90:1bc6:8443:a425:953e:90c4:a61c",CABARRUS\TNPARKS
TAXCOLFD4,10.9.3.180,CABARRUS\JRNORRIS
EMS4PC1,192.168.129.8,CABARRUS\AJKELLER
ITSCMORLEY,"10.8.51.184, 10.9.9.159",CABARRUS\CBMORLEY
SHFSGJOHNSON,"10.8.63.36, 10.9.10.50",CABARRUS\JSTALBERT
VICTORIA,"10.2.2.37, 10.2.2.136, 192.168.0.52, 192.168.0.60",CABARRUS\JRCOOK
DSSCELAVOIE,"10.9.18.21, 10.129.4.190",CABARRUS\CELAVOIE
DSSESDKVDURYEE,10.129.4.237,CABARRUS\KVDURYEE
COOPSMARTBOARD,10.8.4.13,CABARRUS\TLECOMPTE
DSSKGRANT,"192.168.1.8, 2600:1004:b200:2207:2c4d:c2d:9169:ed52, 2600:1004:b200:2207:b916:58d0:d52a:29e0",CABARRUS\KGRANT
DSSCSJTOMLIN,"10.129.4.164, 10.131.1.27",CABARRUS\JTOMLIN
CMDGOLDBERG,"10.8.53.193, 10.9.4.145",CABARRUS\DBGOLDBERG
COJGLASS,"192.168.12.176, 2607:fb90:5086:b97e:2168:f98a:0:55a, 2607:fb90:5086:b97e:444a:58d9:3a24:189d, 2607:fb90:5086:b97e:a842:c4ef:db03:a732",CABARRUS\JBGLASS
COOPCCLAPTOP,10.9.10.144,CABARRUS\DBGRASSO
DSSLUNCHPLUSPC1,10.129.5.131,
BIBLJACKSON,"192.168.1.52, 2600:1004:b09b:c670:244e:f62:f67f:75a1, 2600:1004:b09b:c670:f952:849:8a09:98d",CABARRUS\BLJACKSON
DSSALEACH,"10.9.10.50, 100.227.140.235, 2607:fb90:1bcf:b051:1df0:534b:2bdf:1bb8, 2607:fb90:1bcf:b051:accc:b2c2:70ba:7ae2, 2607:fb90:1bcf:b051:d19b:4d04:357e:2080",
DSSKRHENDERSON,"10.129.5.66, 100.227.165.111, 2607:fb90:1bc6:5321:5086:a566:2b29:5c7e, 2607:fb90:1bc6:5321:5949:88:2861:8339, 2607:fb90:1bc6:5321:84a4:9388:e643:1298",CABARRUS\KRHENDERSON
ITSCEDWARDS,10.9.18.32,CABARRUS\CJEDWARDS
SWREMSBURG,10.9.17.189,CABARRUS\TREMSBURG
DSSNCTROY,"10.129.4.84, 10.129.4.198",CABARRUS\NCTROY
ITSSP1,"10.8.51.21, 10.9.10.63","CABARRUS\DBGRASSO,CABARRUS\ECTREVATHAN"
DSSFLORES,"10.129.4.38, 10.129.6.4, 100.225.46.88, 2607:fb90:5224:81b4:1062:28e:3eb9:4e47, 2607:fb90:5224:81b4:245b:8d61:302:9764, 2607:fb90:5224:81b4:f1a4:61ee:161a:4af4",CABARRUS\EJFLORES
ITSEVENT1,10.8.53.57,CABARRUS\TRAIN01
SHFSRBICKEL,10.0.0.99,CABARRUS\SRBICKEL
DSSAKSCOTT,"10.129.4.213, 10.129.4.223, 100.225.224.253, 2607:fb90:523a:8e68:91de:9ad7:88d6:2ea7, 2607:fb90:523a:8e68:c9f0:f0b4:3736:b99f, 2607:fb90:523a:8e68:d948:2237:305:9dbc",CABARRUS\AKSCOTT
EMSGSCOUICK,10.8.18.11,CABARRUS\GSCOUICK
SHFRECORDSPCFD,10.10.15.56,CABARRUS\RECORDS
PLANACSMITH,"10.8.53.30, 10.9.8.237",CABARRUS\ACSMITH
HBLIBSTAFF-3,10.25.6.121,CABARRUS\DCBEAUCHAMP
SHFAEGILLAND,10.0.0.50,CABARRUS\AEGILLAND
LIBSTAFF-30,10.25.5.112,CABARRUS\LLALMOND
EMSCDMILLS,"192.168.0.18, 2603:6081:8f00:300:6b:fa85:e0bb:7c3c, 2603:6081:8f00:300:2d33:149a:3e2d:9862",CABARRUS\CDMILLS
LIBSTAFF-3,10.25.5.202,
SHFJMDILLON,10.0.0.6,CABARRUS\JMDILLON
LIBSTAFF-35,10.25.5.199,CABARRUS\JHELLENBURG
DSSCLGOODMAN,10.129.4.92,CABARRUS\CLGOODMAN
FAIRWORKROOM,"192.168.1.39, 2600:1004:b01a:441e:9013:d698:caba:788c, 2600:1004:b01a:441e:b188:5f01:aee1:93b4",CABARRUS\KPSHARPE
FINLAPMMANIGOE,"10.8.53.33, 10.9.8.193",CABARRUS\MDMANIGOE
DSSCSRMANDERSON,"192.168.43.115, 2600:380:a176:29a0:1c79:d747:5390:f4ae, 2600:380:a176:29a0:bd31:e22:90e2:f700",CABARRUS\RMANDERSON
DSSESDDMMARTIN,"10.129.4.142, 10.129.4.242",CABARRUS\DMMARTIN
LANDFILL1,10.9.13.195,CABARRUS\RCFOSTER
SHFSNASH,192.168.254.76,CABARRUS\SLNASH
LIBCONTRAIN10,10.25.5.137,CABARRUS\TRAIN01
LIBMIDLANDPC2,10.25.6.140,"CABARRUS\JMRIPLEY,CABARRUS\APDURITZA,CABARRUS\AAWILSON"
DSSALGORE,"10.129.4.50, 10.129.4.230",CABARRUS\ALGORE
911INTERNET-22,10.10.16.83,CABARRUS\MRALLRED
SHFJAILSHFTSUP,10.10.15.54,CABARRUS\KMGAINEY
ITSDBGRASSO,"10.8.51.186, 10.9.10.51",CABARRUS\DBGRASSO
SHFCID-EVIDENCE,10.10.16.6,CABARRUS\EVIDENCE
RODPC1,10.9.3.187,CABARRUS\MKLILLY
EMSTRAIN1,10.8.63.48,CABARRUS\EMS
DSSCDPOTHIER,"10.129.6.87, 10.129.6.123",CABARRUS\CDPOTHIER
TAXDTHRIFT,10.9.6.189,CABARRUS\MDTHRIFT
SHFMREYNOLDS,10.0.0.25,CABARRUS\MLREYNOLDS
DSSDVANTERPOOL,"10.129.4.174, 10.129.6.182",CABARRUS\DAVANTERPOOL
TAXJEUDY,"10.8.53.25, 10.9.6.195",CABARRUS\JEUDY
ITSHOLDER,"10.8.9.191, 10.9.60.34",CABARRUS\JKHOLDER
MARYSQUAD,10.10.16.37,CABARRUS\MFHALE
EMS950B,10.0.0.7,CABARRUS\EMS11
TAXDLJOHNSON,"10.8.53.50, 10.9.3.194",CABARRUS\DLJOHNSON
DSSALLEOPARD,"10.129.5.94, 100.227.85.209, 2607:fb90:1bc1:37de:30f8:56c6:2010:722c, 2607:fb90:1bc1:37de:c939:ca1a:96c2:e492, 2607:fb90:1bc1:37de:d529:90b:61fa:44b7",CABARRUS\ALLEOPARD
SHFDBURCHETT,10.0.0.8,CABARRUS\DBURCHETT
KANLIBSTAFF-6,10.25.5.111,CABARRUS\CLVARNADORE
DSSADMACCTSPC2,192.168.86.27,CABARRUS\BMRAMOS
DSSMERITTER,10.131.1.118,CABARRUS\MERITTER
DSSSMCARTER2,10.129.5.31,CABARRUS\SMCARTER
SHFTABURGESS,"192.168.1.4, 2600:380:109e:e3c2:6914:eec0:8128:3df2, 2600:380:109e:e3c2:9973:5701:53af:256d",CABARRUS\TABURGESS
DSSSDCARTER,10.129.5.117,CABARRUS\SMCARTER
EMS952A,10.0.0.6,CABARRUS\EMS51
HBLIBSTAFF-1,10.25.5.190,CABARRUS\SSGARBER
BOECPKIRKUS,10.9.5.55,CABARRUS\CPKIRKUS
BOEOFFICE8,10.9.5.68,
VINCI,192.168.0.85,CABARRUS\MLSAUNDERS
HBLIBTRAIN10,192.168.86.37,CABARRUS\TRAIN01
DSSDRPASTORES,"192.168.0.18, 2603:6080:e402:b300:45ec:e55b:d631:98b8, 2603:6080:e402:b300:9c6e:c98b:fe29:65e0",CABARRUS\DRPASTORES
BILAPSANTIBANEZ,"192.168.1.4, 2600:1004:b205:868e:8923:ea99:a60e:d1f6, 2600:1004:b205:868e:fd7d:3bdf:67a6:13b5",CABARRUS\VAGUIRRE
SHFCID-1,10.10.15.20,CABARRUS\OJGRIMES
PLANBWEBSTER,10.9.6.247,CABARRUS\BEWEBSTER
SHFOKTURK,10.0.0.89,CABARRUS\OKTURKDAMAR
EMGTDCSTEELE,10.8.63.19,CABARRUS\DCSTEELE
FLPOFFICEPC3,10.9.16.161,CABARRUS\JLWENTINK
DHSCALLCENTER,10.129.6.86,CABARRUS\DHSCALL
DSSLKTHOMPSON,"10.129.4.36, 10.129.6.67",CABARRUS\LKTHOMPSON
DSSJHARRIS,"10.129.4.158, 100.225.84.30, 2607:fb90:5226:13dc:194b:9935:63b4:6443, 2607:fb90:5226:13dc:303d:1294:5124:f6e7, 2607:fb90:5226:13dc:48ee:36c8:f778:1b10",CABARRUS\JLHARRIS
LIBMISMARTBOARD,10.25.5.218,CABARRUS\APDURITZA
SHFRECORDSPC1,10.10.15.98,CABARRUS\BLBAKER
BILAPCAGRAHAM,192.168.4.38,CABARRUS\CAGRAHAM
IAMMJHOWELL,"192.168.1.18, 2600:1004:b095:bbce:30aa:2572:f598:e3bb, 2600:1004:b095:bbce:adbf:6f26:3b93:807",CABARRUS\MJHOWELL
DSSBCARDENAS,"10.129.4.76, 10.129.5.69",CABARRUS\BCARDENAS
DSSMJOHNSON,"10.129.5.91, 10.129.6.79, 100.225.15.167, 2607:fb90:522b:97ee:1038:2a13:7345:f92c, 2607:fb90:522b:97ee:9da3:ef4a:b8b9:9682, 2607:fb90:522b:97ee:b101:395e:8be9:7866",CABARRUS\MMJOHNSON
LIBCONTRAIN6,172.30.222.6,CABARRUS\IMROACH
VCONNGC,10.2.7.90,CABARRUS\JRCOOKDA
DSSNZYOUNG,"10.129.4.56, 10.129.4.58",CABARRUS\NZYOUNG
ANIMALFDPC1,10.10.15.67,CABARRUS\DMTHOMPSON
GAUSS,10.2.2.243,
ITSJADODD,192.168.10.200,CABARRUS\JADODD
ITS-TV1,10.9.9.179,CABARRUS\JKHOLDER
BILAPRBJAMERSON,"192.168.1.93, 2600:1004:b200:48e0:ad55:a4a6:4411:f456, 2600:1004:b200:48e0:ed06:d126:406c:7e94",CABARRUS\RBJAMERSON
DSSONCALL17,10.129.4.74,CABARRUS\ASCLEAVES
TAXMMILES,"192.168.1.30, 2603:6081:2c05:a3f0::1c95, 2603:6081:2c05:a3f0:301e:bd13:7808:e043, 2603:6081:2c05:a3f0:55ea:81a3:1679:7ad9",CABARRUS\MPMILES
COOPBOLLENBECK,10.8.4.12,CABARRUS\BHBOLLENBECKER
BOEONESTOP-18,"10.8.51.19, 10.9.10.152",CABARRUS\CJEDWARDS
EMS940B,10.0.0.7,CABARRUS\EMS12
EMSTRAIN2,172.30.222.11,CABARRUS\EMS
DSSCIMONTABLA,10.129.5.85,CABARRUS\CIMONTALBA
ALPIJSWEENEY,"192.168.1.4, 2603:6080:f640:1c5:0:2b50:6258:58b9, 2603:6080:f640:1c5:1d4f:4733:6998:12ea, 2603:6080:f640:1c5:8087:1258:81cc:a6ed",CABARRUS\IJSWEENEY
ANIMALKIOSK,10.10.15.87,
SHFTRAINING3,10.8.63.190,CABARRUS\TRAIN01
HBLIBSTAFF-2,10.25.5.138,CABARRUS\LAJOLLY
IAMDSFURR,"10.8.14.21, 10.9.13.161",CABARRUS\DSFURR
SHFCID-6,10.10.16.150,
ITSSTROMAN,10.8.9.196,CABARRUS\QLSTROMAN
SHFKDRAKE,10.0.0.23,CABARRUS\KADRAKE
911INTERNET-6,10.10.16.170,CABARRUS\KAHICKS
NOCWALL,10.9.99.250,NOCWALL\NACWALL
BILAPRFOXX,"192.168.1.10, 2600:1004:b05c:686:edd0:bbf3:9f2e:d320, 2600:1004:b202:c536:74a0:e2ce:7b58:9109, 2600:1004:b202:c536:91ff:2f32:5655:95d9",CABARRUS\RDFOXX
DSSEHORTON,"100.225.78.146, 2607:fb90:523d:77ea:b4bb:cea2:9f37:b2b6, 2607:fb90:523d:77ea:d9fc:333a:f83a:d249, 2607:fb90:523d:77ea:e0c3:6608:39f8:64c4",CABARRUS\EMHORTON
EMS949B,10.0.0.11,CABARRUS\EMS11
911INTERNET-7,10.10.16.46,CABARRUS\JABOSWELL
DSSCSWHOWELL,"10.129.4.47, 10.131.1.29",CABARRUS\WAHOWELL
EMSEVENTBOX1,10.8.63.209,CABARRUS\EMS
BOEONESTOP-9,10.8.6.194,CABARRUS\SDUNEVANT
TAXLRECORDS7,10.9.6.211,CABARRUS\ASBARRIER
IAMMEUDY,10.9.13.154,CABARRUS\MDEUDY
KANLIBSTAFF-5,10.25.6.143,CABARRUS\AMWHITE
DSSAMUPRIGHT,"100.225.137.89, 2607:fb90:522e:e35e:1d65:4719:90b6:5b89, 2607:fb90:522e:e35e:80a9:dcb:df1d:1aa8, 2607:fb90:522e:e35e:b026:f1ac:656b:ed22",CABARRUS\AMUPRIGHT
FINJJSHUPING,192.168.0.213,CABARRUS\JJSHUPING
BIJWCOLLINS,"192.168.1.11, 2600:1004:b208:e956:c5cd:6f1a:4b3a:6e9d, 2600:1004:b208:e956:fc70:432b:6093:86f0",CABARRUS\JWCOLLINS
ARENAMBLAKE,10.30.5.149,CABARRUS\MABLAKE
DSSAFIGUEROA,"10.9.18.10, 10.129.4.94",CABARRUS\AJFIGUEROA
DSSSMTHOMAS,10.129.6.128,CABARRUS\SMTHOMAS
SHFSPHARMS,10.0.0.32,CABARRUS\SPHARMS
ITSTRAINING7,10.8.53.33,CABARRUS\TRAIN01
DSSIMHENDERSON,"100.227.174.180, 2607:fb90:cab:14fb:1197:46c7:4106:30f4, 2607:fb90:cab:14fb:48eb:69e7:1f3e:a8dc, 2607:fb90:cab:14fb:5d49:fdea:46c2:a771",CABARRUS\IMHENDERSON
DSSMCDOWELL,"100.224.108.85, 192.168.1.101, 2600:1700:e26:2210::26, 2600:1700:e26:2210:457b:def1:ea7b:8f68, 2600:1700:e26:2210:fc3c:5056:3670:7a5c, 2607:fb90:523b:d2d4:60b3:f34a:2f99:5df3, 2607:fb90:523b:d2d4:c00f:2aa1:20ac:45ba, 2607:fb90:523b:d2d4:c940:49d0:8fe0:d8b5",CABARRUS\JAMCDOWELL
TRANJHILLIE,10.129.4.87,"CABARRUS\MCREID,CABARRUS\SMBOWLES"
EMGTADBARKLEY,"10.8.63.208, 10.9.11.212",CABARRUS\ADBARKLEY
TOWER,10.2.2.81,CABARRUS\JRCOOKDA
SHFANLYST,10.10.15.31,CABARRUS\ALWISECARVER
EMSMASTUDILLO,192.168.162.197,CABARRUS\MASTUDILLO
ITSDBRANNAN,192.168.1.18,CABARRUS\DABRANNAN
LIBLMKESLER,10.25.5.142,CABARRUS\LMKESLER
SHFLBHEINTZ,"192.168.1.90, 2600:380:10c8:5c76:4039:c97f:f31d:c34c, 2600:380:10c8:5c76:b9d6:de28:8c8d:d6d8",CABARRUS\LBHEINTZ
LIBKBWHITE,"10.25.6.142, 10.25.6.150",CABARRUS\KBWHITE
CMBSTRANG,192.168.254.76,CABARRUS\BSTRANG
EMS948A,"10.0.0.6, 10.0.0.21",CABARRUS\EMS42
DSSAJHAYNES,"10.0.0.2, 100.224.168.56, 2607:fb90:523c:a2a9:8e1:3be5:ce5d:1dd3, 2607:fb90:523c:a2a9:b5a8:112a:550a:12bf, 2607:fb90:523c:a2a9:e823:620d:580e:b914",CABARRUS\AJHAYNES
SHFJGILMORE,"10.0.0.7, 10.0.0.78",CABARRUS\JGILMORE
DSSTNBROWN,"100.225.250.225, 2607:fb90:5227:ad32:449e:7321:5d43:9f1a, 2607:fb90:5227:ad32:45c2:f7f6:ed30:9e08, 2607:fb90:5227:ad32:9de1:e3c2:7047:9896",CABARRUS\TNBROWN
PLANTMWILKINSON,"10.8.53.52, 10.9.4.146",CABARRUS\TMWILKINSON
DSSFLSTEELE,"10.129.4.172, 10.129.5.33",CABARRUS\FLSTEELE
SHFBOOK3,10.10.15.49,CABARRUS\EMSTRAIGHT
CMELANDRUM,"192.168.1.247, 2603:6080:301:decb::17ab, 2603:6080:301:decb:21eb:f83:5974:ca8f, 2603:6080:301:decb:fd91:5a0f:d1c4:2512",CABARRUS\EKLANDRUM
SHFDGROOMS,10.0.0.82,CABARRUS\DSGROOMS
HRKMKOZLOWSKI,"10.9.18.16, 10.129.5.46",CABARRUS\KMKOZLOWSKI
SHFJDWILSON,"192.168.1.4, 2600:380:1093:a8a3:6119:42db:d986:704b, 2600:380:1093:a8a3:edba:1cc1:3987:497c",CABARRUS\DWILSON
PENLINK,10.10.2.55,
DSSRM137K,10.129.5.128,CABARRUS\MTEUDY
HRLHUNTLEY,"10.8.53.34, 10.9.18.34",CABARRUS\LPHUNTLEY
SHEMP,10.2.2.79,"CABARRUS\BKYODER,CABARRUS\MAMCINTYRE,CABARRUS\LRPATTERSON,CABARRUS\SRVLASER"
HAYDN,"10.2.2.66, 10.2.2.67, 192.168.0.6, 192.168.0.7, 192.168.0.14",HAYDN\ADMINISTRATOR
ITSLJHATLEY,"192.168.0.13, 2603:6080:303:7c00::1, 2603:6080:303:7c00:2c8a:442b:c71f:a218, 2603:6080:303:7c00:5870:23f7:d404:1690",CABARRUS\LJHATLEY
EMS941A,10.0.0.16,CABARRUS\EMS101
KANLIBSTAFF-15,10.25.5.212,CABARRUS\SDVANMETER
SHFTRAINING1,10.10.15.48,CABARRUS\CRLITTLE
HBLIBSTAFF-4,10.25.5.195,CABARRUS\MDMURPHY
SHFHARRIS,10.0.0.86,CABARRUS\MHARRIS6966
SHFKPHISTER,10.10.15.101,CABARRUS\KGPFISTER
DSSPCBATTLE,"10.9.18.23, 10.129.4.171",CABARRUS\PCBATTLE
EMS956A,10.0.0.11,CABARRUS\EMS12
911INTERNET-2,10.10.16.44,CABARRUS\HBFRICK
ALPAWCRESWELL,10.9.16.193,CABARRUS\AWCRESWELL
ARENABCLEM,10.9.29.15,CABARRUS\BKCLEM
PLANALROBERTS,"10.8.53.46, 10.9.4.74",CABARRUS\ALROBERTS
EMS10PC,172.29.225.162,CABARRUS\RLADAMS
IAMPGORDON,10.9.10.53,CABARRUS\PAGORDON
DSSMHOWARD,"10.129.5.74, 10.129.6.143",CABARRUS\MCHOWARD
LIBKACUNNINGHAM,"10.25.5.115, 10.25.6.146",CABARRUS\KACUNNINGHAM
DSSAJIMENEZ,"10.9.18.13, 10.129.4.57",CABARRUS\AJIMENEZ
VEEAM5,10.2.2.228,CABARRUS\CBMORLEYDA
SHFRECORDSPC3,10.10.15.108,CABARRUS\SMKINNEY
ALPBAHAIGLER,"10.8.20.192, 10.9.16.155",CABARRUS\BAHAIGLER
SHFKBHARRISON,10.10.15.10,CABARRUS\KBHARRISON
RODSMSTAFFORD,10.8.53.56,CABARRUS\SMSTAFFORD
SHFJRAMCHARITAR,10.9.9.223,CABARRUS\DBGRASSO
HRJFCOOK,10.129.6.1,CABARRUS\JFCOOK
CMTMCLAIR,"10.8.53.189, 10.9.18.17",CABARRUS\TMCLAIR
SHFJAIN3ACLASS,10.11.93.10,CABARRUS\JAIL_CLASSROOM
SHFTRAINING2,10.10.15.102,"CABARRUS\JKMCPHERSON,CABARRUS\TRAIN01"
BKUPACCELA3,"10.9.25.192, 10.9.25.194",CABARRUS\SAXTHELM
SHFREC4THFLOOR,10.10.16.131,"CABARRUS\RBBUCKWELL,CABARRUS\RWHARTSELL"
ITSTRAINING6,"192.168.0.25, 2603:6080:ad04:7400::3, 2603:6080:ad04:7400:4553:7e10:af86:82e0, 2603:6080:ad04:7400:b8a5:6893:d7f8:8828",CABARRUS\DRHONEYCUTT
LIBHBPC4,10.25.5.14,CABARRUS\DCBEAUCHAMP
DSSKLMACK,"100.224.115.63, 2607:fb90:5228:d161:3c99:a017:df9c:da9a, 2607:fb90:5228:d161:6d1b:7230:5e50:5d42, 2607:fb90:5228:d161:8163:e0cc:523d:8206",CABARRUS\KLMACK
CONLIBSTAFF-2,10.25.5.124,CABARRUS\AJCORNETT
LARRY,10.2.2.77,"CABARRUS\MAMCINTYRE,CABARRUS\LRPATTERSON,CABARRUS\SRVLASER"
SHFJAILADMINFD,10.10.15.40,CABARRUS\SBHARWOOD
DSSZOSORIO,"10.129.4.201, 10.129.4.226",CABARRUS\ZOSORIO
DSSNMURRAY,"192.168.1.108, 2600:1700:2640:94f0::615, 2600:1700:2640:94f0:1d0a:4029:7a94:44b3, 2600:1700:2640:94f0:2d5b:96c4:fc5a:8bf4",CABARRUS\NMURRAY
LIBJSWILDSMITH,"10.25.5.122, 10.25.5.191",CABARRUS\JSWILDSMITH
SHFLPRODRIGUEZ,10.0.0.69,CABARRUS\LPRODRIGUEZ
SHFJRGRAAP,192.168.0.105,CABARRUS\JRGRAAP
PFIRE,10.19.1.200,PFIRE\ADMINISTRATOR
BIGDMARTIN,"192.168.1.2, 2600:1004:b0c6:5601:9c1a:9c:f41c:ecf9, 2600:1004:b0c6:5601:d075:21e6:b13d:c68c",CABARRUS\GDMARTIN
DSSKNABEL,"10.129.4.60, 10.129.5.5",CABARRUS\KNABEL
DSSCSLCOOKE,"10.129.4.128, 10.131.1.21",CABARRUS\LRCOOKE
SHFJGBRADY,"192.168.1.9, 2603:6080:300:f1:39df:da21:1fb4:96fe, 2603:6080:300:f1:81d2:d7ad:dacc:f1ac",CABARRUS\JGBRADY
ITSNACSLAPTOP1,10.8.9.33,CABARRUS\JKHOLDER
ITSEVENT2,10.8.53.201,CABARRUS\TRAIN01
COKTHOMPSON,"10.8.53.199, 10.9.18.35",CABARRUS\KFTHOMPSON
VEEAM,10.2.2.227,CABARRUS\CBMORLEYDA
DSSCWSMDMAYEU,"192.168.1.40, 2603:6080:3900:f719::161b, 2603:6080:3900:f719:69e6:8408:6fa4:7837, 2603:6080:3900:f719:d56e:58a6:94d8:a958",CABARRUS\MDMAYEU
DSSRM567A,10.9.12.172,CABARRUS\GRLOVE
KANLIBSTAFF-1,10.25.5.169,CABARRUS\CEREALE
DSSKLBELLAMY,"100.225.126.150, 2607:fb90:5228:7323:b066:c31c:2eca:da55, 2607:fb90:5228:7323:bc2e:5823:9df9:194d, 2607:fb90:5228:7323:d530:2a32:e788:327",CABARRUS\KLBELLAMY
SHFDJOHNSON,10.0.0.49,CABARRUS\DPJOHNSON
FINLAPMTHORNE,"10.8.53.32, 10.9.8.235",CABARRUS\MSTHORNE
ITSDLYTLE,"172.20.10.4, 2607:fb90:533d:1e05:487e:6d32:e2e7:8d5c, 2607:fb90:533d:1e05:9097:8412:a907:c4dd",CABARRUS\DLLYTLE
DSSSJLEACH,"100.227.239.161, 2607:fb90:1bca:8ddc:4cb:428c:141b:54be, 2607:fb90:1bca:8ddc:79d9:919b:7545:dab8, 2607:fb90:1bca:8ddc:b08f:4d98:3dd3:680c",CABARRUS\SJLEACH
DSSMROBINSON,10.129.6.118,CABARRUS\MROBINSON
SHARPGC-CONFRMA,10.9.18.15,CABARRUS\LELINKER
DSSPRINT,10.2.2.153,CABARRUS\CBMORLEYDA
DSSTGWILLIAMS,10.5.3.120,CABARRUS\TGWILLIAMS
EASTMAN,10.2.2.220,CABARRUS\JMMCWATERS
PLANSDHOWELL,10.9.6.239,CABARRUS\SDHOWELL
SHFSROBERTS,10.0.0.62,CABARRUS\SAROBERTS
FINLAPWHEGLAR,"10.8.53.17, 10.9.8.187",CABARRUS\WMHEGLAR
SHFWPFLANTOS,10.0.0.21,CABARRUS\WPFLANTOS
911INTERNET-21,10.10.15.23,CABARRUS\AMTUTTLE
LIBEMORTIZ,"10.25.5.172, 10.25.5.183",CABARRUS\EMORTIZ
DSSTWILLIAMS,10.129.5.87,CABARRUS\TINAGWILLIAMS
SHFHBMOTORBIKE1,"100.72.171.10, 2600:1004:b031:5cf9:d98:9437:391c:670c, 2600:1004:b031:5cf9:9d6d:ab40:a87f:5114, 2600:1004:b031:5cf9:d907:f6b0:649e:98e4",CABARRUS\PSSHUE
DHSMEETINGLAP-2,10.9.18.33,CABARRUS\TRAIN01
DSSBATHOMAS,"10.129.6.167, 100.225.16.226, 2607:fb90:5229:e7b4:3533:423d:2528:3ac6, 2607:fb90:5229:e7b4:7980:5b2b:770c:e85a, 2607:fb90:5229:e7b4:b918:1f01:25f9:3f89",CABARRUS\BATHOMAS
IAMJACOOPER,10.9.13.170,CABARRUS\JACOOPER
TAXCOLPUBLICRM,10.9.3.160,CABARRUS\JMORRISON
LIBCONTRAIN7,10.25.6.126,CABARRUS\TRAIN01
DSSMLCOCHRAN,10.129.4.199,CABARRUS\MLCOCHRAN
SCCM2016-WSUS,10.2.2.33,CABARRUS\JADODD
SONICLEAR2,10.8.53.65,"CABARRUS\LELINKER,CABARRUS\ALROBERTS"
DSSCSLHDORSETT,192.168.1.12,CABARRUS\LHDORSETT
KANLIBSTAFF-10,10.25.5.219,CABARRUS\RAJARRELL
ISAAC,10.2.2.231,CABARRUS\TYLERSERVICE
SHFCID-SHARP,10.10.15.170,"CABARRUS\BCEGGERS,CABARRUS\OJGRIMES,CABARRUS\JCRHINEHARDT"
ITSLKKISSINGER,192.168.1.8,CABARRUS\LKKISSINGER
VCONNCCSO,10.2.7.91,CABARRUS\SRVVIEW
TAXSMOREHOUSE,"192.168.0.15, 2603:6080:d441:4200:69be:dd54:c79c:5015, 2603:6080:d441:4200:f40f:83da:a244:592b",CABARRUS\SWMOREHOUSE
SHFVISITATIONPC,10.10.15.77,CABARRUS\QLSTROMAN
SHFMDSMITH,10.0.0.84,CABARRUS\MDSMITH
SCCM2016-WSUS,10.2.2.33,CABARRUS\JADODD
COMMSGT,10.10.2.30,"CABARRUS\BRBIGGS,CABARRUS\DDGRAY"
SHFJKMCPHERSON,10.8.63.49,CABARRUS\JHHENTZE
EMSJRBRINES,10.9.22.13,CABARRUS\JRBRINES
LIBCONTRAIN4,172.30.220.199,CABARRUS\TRAIN01
SHFCID-8,10.10.16.151,CABARRUS\RRODRIGUEZ
EMSTRLIGON,"192.168.0.10, 2603:6080:c006:8600:4880:956a:a62c:62a1, 2603:6080:c006:8600:5d82:dbda:a6c2:84f5",CABARRUS\TRLIGON
TAXSSTOVALL,"192.168.1.122, 2603:6080:4504:a6f6:0:1144:9a3f:fa9, 2603:6080:4504:a6f6:70ae:be94:ed2e:9519, 2603:6080:4504:a6f6:f568:c85:d927:200e",CABARRUS\SMSTOVALL
DSSCSSHELTON,"10.129.6.150, 172.30.220.176",CABARRUS\CSSHELTON
BILAPBLOWERY,"192.168.1.122, 2600:1004:b01c:b560:4c8f:400d:22cc:3585, 2600:1004:b01c:b560:a860:5a2b:e74a:30bf",CABARRUS\BBLOWERY
DSSMCLAWS,"10.9.18.28, 10.129.5.90",CABARRUS\MCLAWS
ALPFLPPOSPC,10.9.16.152,"CABARRUS\CEMITCHELL,CABARRUS\JLWENTINK"
TAXMAMULLIS,192.168.254.78,CABARRUS\MAMULLIS
SHFJAIL3B,10.10.15.9,CABARRUS\RMSTARNES
SHFBOOK1,10.10.15.62,CABARRUS\CWORANGE
CBA7,10.10.2.17,CABARRUS\HBFRICK
911INTERNET-5,10.10.16.41,CABARRUS\MBFULLER
SHFPATROLSP1,"192.168.0.17, 2603:6080:303:7c00:1552:1523:e22e:a9ec, 2603:6080:303:7c00:6537:217e:b602:4496",CABARRUS\LJHATLEY
DSSCNHARVEY,"10.129.5.76, 10.129.6.89",CABARRUS\CNHARVEY
BOEOFFICE3,10.9.5.65,CABARRUS\LRBRADSHAW
KANLIBSTAFF-16,10.25.5.109,CABARRUS\AJDECKER
DSSSMMATOS,10.129.4.239,CABARRUS\SMMATOS
DSSDMANDERSON,"10.129.4.232, 100.226.156.221, 2607:fb90:1bcc:f84d:9e4:a255:c0b3:a667, 2607:fb90:1bcc:f84d:1107:b7ad:c912:ca2, 2607:fb90:1bcc:f84d:3d02:f226:ecdc:1976",CABARRUS\DMANDERSON
GISTDS1,10.2.2.70,GISTDS1\ADMINISTRATOR
DSSCLBEATTY,"10.129.4.221, 10.129.5.100, 100.225.165.212, 2607:fb90:5233:da60:15eb:bc4e:ab9b:bd15, 2607:fb90:5233:da60:55a9:741f:9f47:3f75, 2607:fb90:5233:da60:f86f:37e2:c75d:9b35",CABARRUS\CLBEATTY
BOEOFFICE1,10.9.5.50,
DSSCSJLOFLIN,"192.168.0.29, 2603:6081:2d40:e100::11, 2603:6081:2d40:e100:31d3:a0e2:6650:8c82, 2603:6081:2d40:e100:a4b9:56ec:ce48:476c, 2603:6081:2d40:e100:b034:cec2:245b:b7f4",CABARRUS\JBLOFLIN
SHFBAPLUMMER,10.0.0.43,CABARRUS\BAPLUMMER
HBLIBSTAFF-8,10.25.5.204,CABARRUS\AAWILSON
DSSSRTYLER,"10.129.4.185, 100.227.162.93, 2607:fb90:caf:ab77:2004:9bcf:9bbf:41ed, 2607:fb90:caf:ab77:addd:5afe:8dd:b069, 2607:fb90:caf:ab77:b890:9a06:2802:aef2",CABARRUS\SRTYLER
DSSPJGRAY,"10.129.4.161, 10.129.5.89",CABARRUS\PJGRAY
BOEONESTOP-32,10.9.5.105,
ITSJJOHNSON,"169.254.175.254, 192.168.1.8",CABARRUS\WAJOHNSON
SHFCOURTSECPC1,10.10.15.119,"CABARRUS\CLHANNOLD,CABARRUS\MRPAYSOUR,CABARRUS\CMWALLACE,CABARRUS\MARTOCCHIO"
BOEONESTOP-26,10.8.6.24,CABARRUS\SDUNEVANT
PLANSURFACEPRO2,10.8.53.60,CABARRUS\LCRUSE
RODEBVANDERBURG,10.8.53.206,CABARRUS\EBVANDERBURG
DSSJBBRIDGES,"10.129.4.167, 10.129.4.196",CABARRUS\JBBRIDGES
TAXWHKOURI,"192.168.1.71, 2600:1700:8430:1f70::525, 2600:1700:8430:1f70:2c71:cb03:872a:cf42, 2600:1700:8430:1f70:f19d:4ff7:110b:cc3f",CABARRUS\WHKOURI
HAWKING,192.168.0.30,"CABARRUS\TYLERSERVICE,CABARRUS\CBMORLEYDA"
AGETRAIN3,"192.168.1.173, 2603:6080:ad00:d2::11f4, 2603:6080:ad00:d2:8dde:f611:bd1c:1c93, 2603:6080:ad00:d2:b5bf:399b:e759:79bc",CABARRUS\KDBAKER
TAXCOLMORRISON,10.9.3.165,CABARRUS\JMORRISON
TAXPROGERS,192.168.254.72,CABARRUS\PDROGERS
DSSTMPATTERSON,10.129.4.104,CABARRUS\TMPATTERSON
PFIRE-MITEL,10.19.1.202,CABARRUS\SRVMITEL
ITSTRAINING4,10.8.53.204,CABARRUS\TRAIN01
DSSLLHENDERSON,"10.129.4.66, 10.129.4.228",CABARRUS\LLHENDERSON
EMS956B,"10.0.0.9, 10.0.0.17",CABARRUS\EMS41
DHSSPARE1,10.9.10.64,CABARRUS\DBGRASSO
EMS951B,10.0.0.18,CABARRUS\EMS21
SHFJTIERNEY,10.0.0.35,CABARRUS\JJTIERNEY
SHFSRITCHIE,192.168.1.144,CABARRUS\SMCHAMPLIN
DSSKNLYONS,"10.129.4.105, 10.129.5.40",CABARRUS\KNLYONS
KANLIBSIGN,10.9.10.53,KANLIBSIGN\KANLIBSIGNAGE
BEETHOVEN,10.2.2.55,"CABARRUS\ITSTEMP,CABARRUS\JRCOOKDA,CABARRUS\JMMCWATERS"
SHFSHRICHARD,10.10.15.92,CABARRUS\SHRICKARD
TAXLRECORDS5,10.9.6.242,CABARRUS\PDGORE
DSSJACAPITAN,"10.129.4.183, 10.129.6.178, 100.226.86.37, 2607:fb90:1bc1:7948:946d:6715:a75e:95ba, 2607:fb90:1bc1:7948:e474:7878:e9a0:189f, 2607:fb90:1bc1:7948:f4fb:3a80:c5cc:f9df",CABARRUS\JACAPITAN
KANLIBSTAFF-14,10.25.5.144,CABARRUS\DASCHMITZER
DSSKHEARRELL,"10.129.5.114, 100.224.158.207, 2607:fb90:522d:e165:2c55:1406:1f26:bff1, 2607:fb90:522d:e165:3dc8:54fe:d847:e3e5, 2607:fb90:522d:e165:4490:a4c6:1056:eff3",CABARRUS\KEHEARRELL
BOEONESTOP-33,10.8.6.15,"CABARRUS\CJEDWARDS,CABARRUS\SDUNEVANT"
DSSSKMCNEILL,"10.129.4.59, 10.129.6.114",CABARRUS\SKMCNEILL
SHFABFISHER,10.10.15.37,CABARRUS\ABFISHER
COOP4HPC,10.9.17.158,CABARRUS\DHCOOPER
PLANMORRIS,10.9.6.186,CABARRUS\SAMORRIS
DSSCSJCRAMSEY,"10.129.4.72, 10.131.1.22",CABARRUS\JCRAMSEY
CONLIBSTAFF-9,10.25.6.151,CABARRUS\IMROACH
DSSVIMARTINEZ,"10.9.18.11, 10.129.4.102",CABARRUS\VIMARTINEZHERNANDEZ
DSSTELLERBE,"10.129.5.12, 10.129.5.47",CABARRUS\TMELLERBEE
DSSVABURGIN,"10.129.4.150, 10.129.4.218, 100.225.159.71, 2607:fb90:523c:9433:976:8060:6e94:fa22, 2607:fb90:523c:9433:3d03:3b95:babb:5102, 2607:fb90:523c:9433:d0f9:1996:7796:1442",CABARRUS\VABURGIN
GISPORTAL,10.2.2.168,CABARRUS\JBATTINELLI
COOPLHDUNCAN,10.9.17.190,CABARRUS\COOPPUBLIC
BILAPEBRANCH,10.9.9.154,CABARRUS\ESBRANCH
SHFAPRICE,10.0.0.55,CABARRUS\AMPRICE
DSSESDAMCAPBELL,10.129.4.169,CABARRUS\AMCAMPBELL
SHFTRAINING6,10.8.63.45,CABARRUS\KKLING
DSSSHIIPPC1,10.129.6.135,DSSSHIIPPC1\SHIIP VOLUNTEER
PLANVIDEOLAP,10.8.53.64,CABARRUS\BLHELMS
EMSMMKING,10.9.22.43,CABARRUS\MMKING
ENZO,10.2.24.16,ENZO\ADMINISTRATOR
CONLIBPC3,10.25.5.22,CABARRUS\CRLYTAL
DSSRWHITAKER,"10.129.4.70, 10.129.6.117",CABARRUS\RSWHITAKER
EMSLTHONEYCUTT,10.9.22.11,CABARRUS\TSHONEYCUTT
DSSCLHESS,"10.129.6.184, 100.225.219.117, 2607:fb90:522e:5dd0:64cc:34f6:ac16:7c1b, 2607:fb90:522e:5dd0:741c:97c9:a801:6e2a, 2607:fb90:522e:5dd0:ac8d:fee9:bb20:8a54",CABARRUS\CLCONLON
ARENACMULLER,172.16.45.62,CABARRUS\CTMULLER
KANLIBSTAFF-7,10.25.5.159,CABARRUS\RECOOKE
SHFLDUNCAN,10.10.15.64,CABARRUS\LDDUNCAN
SHFDJMCCOMBS,10.10.15.44,CABARRUS\DJMCCOMBS
SHFKCAINPC,10.10.15.173,CABARRUS\KHCAIN
SHFCMEASIMER,"10.0.0.11, 10.0.0.50",CABARRUS\CMEASIMER
ARENAMDGADDY,10.8.8.15,CABARRUS\MDGADDY
KANLIBSIGNAGE,10.9.10.65,KANLIBSIGNAGE\DEFAULTUSER0
SHFJCALABRO,10.0.0.22,CABARRUS\JDCALABRO
EMSEVENTBOX8,10.8.63.80,CABARRUS\EMS
DSSRJBROWN,10.129.4.45,CABARRUS\RJBROWN
DSSLPCNWCAB,"192.168.0.30, 2603:6080:c220:5200:1541:cc75:4875:cc8a, 2603:6080:c220:5200:51b0:646:53f9:3a36",DSSLPCNWCAB\CABARRUSLPC
GCMAILROOM,10.9.13.156,CABARRUS\RLMAXWELL
ITSEVENT5,10.8.53.196,CABARRUS\TRAIN01
EMS950A,10.0.0.19,CABARRUS\EMS22
ITSBAYHA,192.168.0.39,CABARRUS\MBAYHA
TAXPLUNTZ,"10.8.53.20, 10.9.3.161",CABARRUS\PLUNTZ
EMGTJBURNETT,"10.8.63.38, 10.10.15.179",CABARRUS\JABURNETT
DSSEJCORDEIRO,10.129.5.95,CABARRUS\EJCORDEIRO
BOEONESTOP-20,"10.8.51.18, 10.9.10.55",CABARRUS\CJEDWARDS
DSSTKHILLIE,"100.224.142.134, 2607:fb90:5230:8b7:5967:4c1f:486d:8c61, 2607:fb90:5230:8b7:e586:2f5c:3d65:dcbe, 2607:fb90:5230:8b7:e8e7:a1b:28b7:6b66",CABARRUS\TKHILLIE
RMSRDP1,10.10.2.50,"CABARRUS\GWILLIAMS,CABARRUS\AMPRICE,CABARRUS\CJCROWELL,CABARRUS\SLNASH,CABARRUS\NWCOLEY,CABARRUS\MRTWIGGER,CABARRUS\ALFAVIA,CABARRUS\TSMORRISON,CABARRUS\JJTIERNEY,CABARRUS\MHARRIS6966,CABARRUS\JGILMORE"
DSSCSSWEATHERS,10.131.1.120,CABARRUS\SWEATHERS
ITSEVENT12,10.8.53.58,CABARRUS\TRAIN01
DSSLBARNES,10.129.6.172,CABARRUS\LRBARNES
DSSYWILSON,10.129.4.115,CABARRUS\YLEICHT
SHFWMHOLMES,"192.168.1.67, 2600:380:10a1:7665:4594:cb8f:8c3:ee6c, 2600:380:10a1:7665:6924:2c79:5ab6:9dd3",CABARRUS\WMHOLMES
DSSBDHAYES,172.30.1.141,CABARRUS\BDHAYES
DSSFORNEY,10.129.5.4,CABARRUS\NFORNEY
LIBSIGNAGE-UP,10.25.6.126,CABARRUS\DBGRASSO
SHFPJHUTCHINGS,10.10.15.118,CABARRUS\PJHUTCHINGS
DSSMJMORALES,"192.168.1.75, 2603:6080:ac00:5e36::1125, 2603:6080:ac00:5e36:1050:6d85:28d4:d429, 2603:6080:ac00:5e36:d93c:bcb4:f43d:d64e",CABARRUS\MJMORALES
COSTGROSSMAN,"192.168.1.64, 2600:1700:27b8:4040::f, 2600:1700:27b8:4040:1c07:9c2c:eb03:bfd2, 2600:1700:27b8:4040:b5dc:74ca:3c60:43fd",CABARRUS\STGROSSMAN
DSSBZARGO,"10.129.4.135, 10.129.5.10",CABARRUS\BBZARGO
ITSWILLEY,"10.8.51.15, 10.9.63.5",CABARRUS\MDWILLEY
SHFATBROCK,192.168.13.102,CABARRUS\ATBROCK
LIBGSCOOKE,"10.25.5.141, 172.30.223.207",CABARRUS\GSCOOKE
ARENALCOLEY,"10.8.8.13, 10.9.29.23",CABARRUS\LSCOLEY
LIBAMZECK,10.25.5.210,CABARRUS\AMZECK
FAIRCOUNT1,10.30.5.2,CABARRUS\ECTREVATHAN
911INTERNET-12,10.10.16.148,CABARRUS\BRBIGGS
LIBHBPC3,10.25.5.13,CABARRUS\SSGARBER
OSCAR1,"192.168.0.32, 192.168.0.68, 192.168.0.69, 192.168.0.70, 192.168.0.71, 192.168.0.72, 192.168.0.73, 192.168.0.74, 192.168.0.75, 192.168.0.76, 192.168.0.77, 192.168.0.78, 192.168.0.79, 192.168.0.84, 192.168.0.96, 192.168.10.75",CABARRUS\JRCOOKDA
DSSMALEACH1,10.129.5.30,CABARRUS\MALEACH
SHF-JAILASSIST,10.10.16.145,CABARRUS\SBHARWOOD
EMSNLSHAPIRO,"192.168.1.241, 2600:1700:2211:4f0::3a, 2600:1700:2211:4f0:4c0b:f799:55e9:421d, 2600:1700:2211:4f0:bdd1:b0ee:5ee4:5600",CABARRUS\NLSHAPIRO
DHSSPARE6,10.9.10.149,CABARRUS\DBGRASSO
TAXSLDERNER,10.9.6.218,CABARRUS\SLDERNER
EMS952B,10.0.0.14,CABARRUS\EMS51
EMGTDDGUSTAFSON,"10.8.63.205, 10.10.15.66",CABARRUS\DDGUSTAFSON
CONLIBSHARP,10.25.6.128,CABARRUS\ADCLAY
DSSALREAVIS,"10.9.18.27, 10.129.6.138",CABARRUS\ALREAVIS
CMLWSHUE,192.168.254.67,CABARRUS\LWSHUE
EMS942A,10.0.0.69,CABARRUS\EMS41
ITSCOOK,"10.8.9.14, 10.9.9.155",CABARRUS\JRCOOK
CONLIBPC1,10.25.5.20,"CABARRUS\LMKESLER,CABARRUS\KBWHITE"
DSSYYMCIVER,"10.129.4.91, 10.129.4.141, 100.226.43.32, 2607:fb90:cac:536c:19c8:ac6:221a:7c2, 2607:fb90:cac:536c:4c11:1ad3:8205:e235, 2607:fb90:cac:536c:dc1b:e05d:6b59:1deb",CABARRUS\YYMCIVER
DHSAAEALEY,10.129.6.99,CABARRUS\AAEALEY
PLANJBARKER,"192.168.1.254, 2603:6080:af03:c1e::ea1, 2603:6080:af03:c1e:c63:7091:2e5f:2aae, 2603:6080:af03:c1e:7441:876f:ce81:faad",CABARRUS\JFBARKER
PLANSURFACEPRO1,10.8.53.23,CABARRUS\BLHELMS
DSSRM552,10.9.12.152,"CABARRUS\JCFREEZE,CABARRUS\TVMASON,CABARRUS\GRLOVE"
FINBJLEE,10.0.0.47,CABARRUS\BJLEE
CMKDBILAFER,10.9.18.184,CABARRUS\KDBILAFER
SHFJCROMINGER,10.8.63.43,CABARRUS\JCROMINGER
BOEONESTOP-2,10.8.6.18,CABARRUS\DBGRASSO
DSSJMHOKE,"192.168.1.116, 2600:1700:5812:800::27, 2600:1700:5812:800:44f9:c9a9:bf86:6e80, 2600:1700:5812:800:e978:f482:64b7:daf1",CABARRUS\JMHOKE
CMRDHARRIS,192.168.1.23,CABARRUS\RDHARRIS
TAXLRECORDS1,10.9.6.203,CABARRUS\SSHELMS
LIBSTAFF-2,10.25.5.174,CABARRUS\JSEURY
LIBSTAFF-1,10.25.6.138,
DSSTTPAGE,"100.224.22.8, 2607:fb90:5221:db4c:c8d:1e8c:8d1:1e7f, 2607:fb90:5221:db4c:40af:29ea:e94c:e025, 2607:fb90:5221:db4c:5562:6917:4e1d:8249",CABARRUS\TTPAGE
TAXCLMANN,"10.8.53.24, 10.9.3.167",CABARRUS\CLMANN
LFMIGAGENT,10.2.2.210,"CABARRUS\MAMCINTYRE,LFMIGAGENT\ADMINISTRATOR"
EMS951A,10.0.0.6,CABARRUS\EMS21
TAXREVERETT,"10.8.53.191, 10.9.6.187",CABARRUS\RGEVERETT
SHFJAILWWALLACE,10.10.15.120,CABARRUS\WJWALLACE
ALPTWKISER,192.168.1.18,CABARRUS\TWKISER
DSSLNBROWN,10.129.4.175,CABARRUS\LNBROWN
SHFBRBIGGS,10.10.15.95,CABARRUS\BRBIGGS
SHFMFHALE,10.0.0.82,CABARRUS\MFHALE
BOEONESTOP-22,10.8.51.195,CABARRUS\CJEDWARDS
EOCLAP8,10.9.11.232,CABARRUS\JABURNETT
PLNKSIFFORD,10.8.53.42,CABARRUS\KFSIFFORD
911INTERNET-14,10.10.16.53,CABARRUS\HWJONES
SHFJLHARTSELL,10.0.0.56,CABARRUS\JLHARTSELL
ITSEVENT9,10.8.53.49,CABARRUS\TRAIN01
EMSCLOVE,"10.8.18.191, 10.9.22.22",CABARRUS\CJLOVE
DSSJMCANNON,192.168.254.68,CABARRUS\JMTHOMAS
SHARPAQUOSEOC2,10.9.11.216,CABARRUS\EOCAQUOS2
HBLIBSHARP,10.25.6.130,CABARRUS\ARLYNCH
BILAPMRCOX,"192.168.1.44, 2600:1004:b08f:961f:3c5d:fc9:fb32:95eb, 2600:1004:b08f:961f:69f7:2a8b:984b:4b98",CABARRUS\MRCOX
ITSTRAINING11,10.8.53.37,"CABARRUS\TRAIN01,CABARRUS\CCREIMER"
DSSJABASINGER,"192.168.1.112, 2603:6081:2c01:e4c0::1ca4, 2603:6081:2c01:e4c0:20a6:8cd0:a45:54ed, 2603:6081:2c01:e4c0:5467:e5bf:c087:7afa",CABARRUS\JABASINGER
RODMSNYDER,10.9.3.163,CABARRUS\MNSNYDER
HRAJGRANT,10.8.53.187,CABARRUS\AJGRANT
HRJLINN,"10.8.53.190, 10.9.18.189",CABARRUS\JKLINN
EMGTSLJACKSON,192.168.0.115,CABARRUS\SLJACKSON
BOEUNITYPC,10.9.5.105,BOEUNITYPC\BOE
SHFCFHARTSELL,192.168.13.102,CABARRUS\CFHARTSELL
LIBSTAFF-14,10.25.5.107,CABARRUS\KBWHITE
LIBMSBROWN,"10.25.6.123, 10.25.6.148",CABARRUS\MSBROWN
DSSCSJWIEGAND,"192.168.1.75, 2600:1700:3f62:100::49, 2600:1700:3f62:100:907a:eb94:a1dc:fa73, 2600:1700:3f62:100:ed0d:65df:7500:ebd6",CABARRUS\JRWIEGAND
SHFCSHACK,10.0.0.68,CABARRUS\CESHACKELFORD
SHFATSMITH,10.0.0.57,CABARRUS\ATSMITH
DSSSDMCCALLUM,"10.129.6.156, 100.227.150.136, 2607:fb90:ca3:26c8:1d10:44b3:d5ed:84f7, 2607:fb90:ca3:26c8:595b:543f:cd9:334d, 2607:fb90:ca3:26c8:ec60:45e9:972e:ff1f",CABARRUS\SDMCCALLUM
SHFNCOLEY,10.0.0.68,CABARRUS\NWCOLEY
IAMRPSTANCIL,"10.9.13.192, 192.168.1.3, 2600:1004:b022:3d8a:7420:b64:2c48:94ed, 2600:1004:b022:3d8a:dd2d:3a47:d635:dc14",CABARRUS\RPSTANCIL
BOECSOLES,10.9.5.50,CABARRUS\CLSOLES
DSSCWDTWALLMAN,"192.168.0.46, 2603:6081:2c02:800::5, 2603:6081:2c02:800:25a9:7d8a:bbe4:5ed8, 2603:6081:2c02:800:b104:5588:932f:43e7",CABARRUS\TALLMAN
IAM-KSTALLINGS,10.8.14.195,CABARRUS\KMSTALLINGS
TAXJRCAMERON,192.168.1.4,CABARRUS\JRCAMERON
FINLAPSBURGESS,"192.168.1.39, 2603:6081:2e02:7f8e:0:2831:e741:5c20, 2603:6081:2e02:7f8e:30d2:72c8:c5d4:1bef, 2603:6081:2e02:7f8e:f13e:708:b0f5:ab14",CABARRUS\SRBURGESS
SHFARHAYNIE,"192.168.1.3, 2603:6080:c200:e578::1250, 2603:6080:c200:e578:2c21:9ad2:51a6:23c6, 2603:6080:c200:e578:b500:db47:8e:cd7d",CABARRUS\ARHAYNIE
EMSCP1CAD,10.0.0.16,CABARRUS\EMSCP
DSSMSROSS,10.129.4.36,CABARRUS\MSROSS
TRANTESSIERGRAY,"10.129.4.41, 10.129.4.210",CABARRUS\CRRATLIFF
DSSELBLEVINS,"10.129.4.124, 10.129.4.195",CABARRUS\ELBLEVINS
TAXLRECORDS9,10.9.6.206,CABARRUS\JPALDRIDGE
CONCORDPAC-2,10.25.5.157,"CONCORDPAC-2\KIOSKUSER0,CONCORDPAC-2\LIB"
DSSTRWEAKS,"100.226.119.197, 2607:fb90:1bcb:372c:2c7d:6ae9:50ce:21b, 2607:fb90:1bcb:372c:c08e:8ebe:c752:41f9, 2607:fb90:1bcb:372c:cd26:a8f5:f1eb:20c7",CABARRUS\TRWEAKS
LIBDCBEAUCHAMP,"10.8.2.183, 10.25.5.152",CABARRUS\DCBEAUCHAMP
DSSJSHUMWAY,"10.129.4.103, 10.129.6.80",CABARRUS\JLSHUMWAY
IAM-JDKELLER,"10.8.14.14, 10.9.13.177",CABARRUS\JDKELLER
FINLAPKARNOLD,"192.168.1.23, 2603:6080:c104:ad31::1f9e, 2603:6080:c104:ad31:35cb:e31a:fc1:38e4, 2603:6080:c104:ad31:91d7:2b16:ea10:4129",CABARRUS\KJMYERS
SHFRECORDSPC7,10.10.15.60,CABARRUS\SDALLMAN
MPLIBTRAIN5,10.25.5.118,"CABARRUS\BTSHAVER,CABARRUS\JMVANSOEST"
BOECLFLACK,"10.8.6.12, 10.9.5.51",CABARRUS\CLFLACK
SHFTLISTER,"10.8.63.30, 10.10.15.13",CABARRUS\TGLISTER
SHFBNBUNCH,10.0.0.81,CABARRUS\BNBUNCH
HERA,10.2.2.202,
SQUAD410PC,172.29.225.51,CABARRUS\RPLEE
HBLIBSTAFF-5,10.25.5.179,CABARRUS\LADIVINCENZO
FAIRMARTECH,10.9.29.44,CABARRUS\JFLEVY
CONLIBSECURITY,10.25.5.194,CABARRUS\VEHOWELL
SHFBELUSK,10.9.10.56,SHFBELUSK\PCTECH
JAIL-MED506,10.10.15.200,CABARRUS\CYWHITE
VISITATIONPC1,10.10.15.59,CABARRUS\RLAGEE
SHFMOTORBIKE2,"100.84.215.171, 2600:1004:b069:7a1c:60fe:47fa:1fb5:eb8b, 2600:1004:b069:7a1c:75df:1f53:a78f:9a37, 2600:1004:b069:7a1c:e53b:8b70:4d26:1b31",CABARRUS\BJOYNER4587
911INTERNET-16,10.10.16.28,CABARRUS\DLUCK
SHFMKLUTTZ,192.168.254.123,CABARRUS\MKLUTTZ
ITSBKYODER,192.168.1.12,CABARRUS\BKYODER
SHFRECORDSPC5,10.10.16.178,CABARRUS\CASUGGS
SHFCID-3,10.10.15.8,
SHFMDRUMMOND,"192.168.1.38, 2600:380:10e7:d501:8895:a1db:c19d:c6d2, 2600:380:10e7:d501:995f:cc50:9a90:80af",CABARRUS\MADRUMMOND
DSSSTATEWORKER,10.129.4.235,CABARRUS\WROYSTER
CURLY,10.2.2.78,"CABARRUS\SRVLASER,CABARRUS\CBMORLEYDA,CABARRUS\JRCOOKDA"
ITSTRAINING8,10.8.53.201,CABARRUS\TRAIN01
DSSCSMITH,"10.129.6.144, 100.225.193.105, 2607:fb90:522f:1f6f:618d:f66f:b5a8:72c, 2607:fb90:522f:1f6f:6593:7323:3e20:520c, 2607:fb90:522f:1f6f:ad65:f0c7:76d1:15d7",CABARRUS\CSMITH
SHFCID-11,10.10.16.159,
DSSRM187,10.129.5.138,"CABARRUS\IMHENDERSON,CABARRUS\CJSTUTZMAN"
GISHOST1,10.2.2.68,
LIBAGKENDRICK,172.30.220.165,CABARRUS\AGKENDRICK
VETTRMILLER,10.9.10.143,CABARRUS\ECTREVATHAN
EMS948B,10.0.0.17,CABARRUS\EMS42
SHFISENHOUR,10.0.0.27,CABARRUS\MISENHOUR
DSSWBLOUKOS,10.8.14.192,CABARRUS\WBLOUKOS
DSSRM567B,10.9.12.170,CABARRUS\ARMABREY
SHFBRUSSELL,"192.168.1.28, 2600:380:10e2:f3ee:bd32:50f:6796:b652, 2600:380:10e2:f3ee:e0a9:80de:be79:3c82",CABARRUS\SBRUSSELL
CONLIBSTAFF-16,10.25.5.209,CABARRUS\ALFLOYD
SHFCDTARTE,10.0.0.74,CABARRUS\CDCAMILLE
KANLIBSTAFF-13,10.25.5.171,CABARRUS\KPWALLACE
LIBCYBER1,"10.9.10.57, 172.30.222.232",LIBCYBER1\CABCYBER
COURTFDPC,10.9.21.59,CABARRUS\MHUNT
INTERVIEWVIDEO,10.9.80.100,CABARRUS\KBTHOMAS
SHFBOOK4,10.10.16.26,CABARRUS\GCHATLEY
DSSSMSTOKES,10.129.5.34,CABARRUS\SMSTOKES
SHOSTAKOVICH,10.9.59.4,"CABARRUS\JRCOOKDA,CABARRUS\CBMORLEYDA"
PSSQL,10.2.2.132,PSSQL\ADMINISTRATOR
COOPCCBARRIER,10.9.17.166,CABARRUS\CCBARRIER
LOGIC,10.2.21.37,LOGIC\ADMINISTRATOR
LIBHBPC1,10.25.5.11,"CABARRUS\LADIVINCENZO,CABARRUS\ARLYNCH"
RAVEL,"192.168.0.80, 192.168.10.80","CABARRUS\JRCOOKDA,CABARRUS\MAMCINTYRE,CABARRUS\SRVSQL,RAVEL\ADMINISTRATOR"
DSSQRTURNER,"192.168.1.73, 2600:1702:15d0:1260::40, 2600:1702:15d0:1260::48, 2600:1702:15d0:1260:2cde:8056:710e:8866, 2600:1702:15d0:1260:3dcc:a961:ed55:3c32",CABARRUS\QRTURNER
TAXBOVERCASH,10.9.6.217,CABARRUS\BOVERCASH
DSSNJSTANDLEY,"10.129.4.231, 10.129.6.121",CABARRUS\NJSTANDLEY
MPLIBTRAIN3,10.25.5.223,CABARRUS\AAROBINSON
TAXJDANO,"10.8.53.13, 10.9.6.244",CABARRUS\JBDANO
EOCRADIOOFFICE1,10.9.11.226,CABARRUS\EOCRADIO
BOEONESTOP-16,10.8.6.17,CABARRUS\SDUNEVANT
THOMAS,10.2.2.232,CABARRUS\TYLERSERVICE
SUERVEYLAP2,10.8.14.193,CABARRUS\AJMATHIS
DSSHTHOMPSON,"192.168.1.173, 2603:6080:b104:13f0::5f2, 2603:6080:b104:13f0:19f0:3cb5:4d6b:454f, 2603:6080:b104:13f0:21cb:c85e:b2f7:7144",CABARRUS\HDTHOMPSON
EVEROL,192.168.0.50,"CABARRUS\JGREECEDA,CABARRUS\SRVVIEW"
KANLIBSTAFF-9,10.25.5.229,CABARRUS\JHGREEN
DSSMUDANIELSGAR,"10.9.18.181, 10.129.4.127",CABARRUS\MUDANIELSGARVIN
MARYSQUADRDP,10.10.16.84,"CABARRUS\CDCAMILLE,CABARRUS\SDWAGONER,CABARRUS\JWHELMS"
DSSALWHALING,"192.168.1.10, 2603:6081:2c40:1b7f:0:91e1:fa10:54dc, 2603:6081:2c40:1b7f:61ab:76e4:99ac:bf23, 2603:6081:2c40:1b7f:6cae:fdaf:10b7:8536",CABARRUS\ALWHALING
SHFMEHANSEN,"10.8.63.204, 10.10.15.136",CABARRUS\MEHANSEN
CH22JWEAVER,10.8.53.51,CABARRUS\JAWEAVER
DSSKSGRAVELY,"10.129.5.101, 10.131.1.15",CABARRUS\KSGRAVELY
DSSESDLECUMMING,10.129.5.59,CABARRUS\LECUMMINGS
DSSCSARROBINSON,172.30.1.100,CABARRUS\ARROBINSON
DSSJRMYERS,"192.168.1.161, 2605:a601:a18d:9e00:8c6d:2c9f:5643:3545, 2605:a601:a18d:9e00:f02a:d060:c2c7:8d75",CABARRUS\JRMYERS
SHFKLSCHROEDER,10.0.0.84,CABARRUS\KLSCHROEDER
SHFRECORDSKIOSK,10.25.9.193,CABARRUS\TAOSTRANDER
LIBSTAFF-36,10.25.5.189,CABARRUS\RLGREEN
DSSDBWARNER,"10.129.5.11, 10.129.5.36",CABARRUS\DBWARNER
DSSDMCMILLAN,"10.129.4.42, 10.129.4.74",CABARRUS\DMMCMILLAN
CBA22,10.10.15.131,"CBA22\ITS,CBA22\ROWAN911"
SULLIVAN,10.2.2.145,SULLIVAN\ADMINISTRATOR
LIBSTAFF-18,10.25.6.131,CABARRUS\AELOVE
OSCAR2,"192.168.0.40, 192.168.0.41, 192.168.0.42, 192.168.0.44, 192.168.0.81, 192.168.0.82, 192.168.10.40, 192.168.10.41, 192.168.10.42",
DSSSBRYAN,10.129.4.130,CABARRUS\SGBRYAN
DSSALWILSON,"10.129.4.186, 100.226.110.78, 2607:fb90:1bcf:a421:4d:174a:f517:6f82, 2607:fb90:1bcf:a421:9825:ac2e:4896:4e20, 2607:fb90:1bcf:a421:cceb:1974:354c:6dfe",CABARRUS\ALWILSON
SHFJTORELLI,"192.168.1.2, 2600:1004:b092:108c:313f:e2c8:eee5:5a1e, 2600:1004:b092:108c:4dde:f57b:667d:429e",CABARRUS\JBTORELLI
DSSRM558A,10.129.5.32,CABARRUS\LWBELK
DSSEALETTICE,"10.129.4.131, 10.129.4.194",CABARRUS\EALETTICE
DSSADMMNXIONG,"10.129.5.44, 10.129.5.81",CABARRUS\MNXIONG
BILAPTEGRAY,10.9.4.68,CABARRUS\TEGRAY
SWWDMCCLELLAN,"10.8.4.191, 10.9.17.152",CABARRUS\WDMCCLELLAN
SHFMHECTOR,"10.8.63.191, 10.10.16.129",CABARRUS\DLHUNSUCKER
DSSESDKJONES,"10.129.4.193, 10.129.6.71",CABARRUS\KQJONES
SHFSJACKSON,10.0.0.84,CABARRUS\SAJACKSON
DSSRELAWRENCE,"10.129.5.43, 10.129.6.180",CABARRUS\RELAWRENCE
SHFKFONTANA,10.0.0.6,CABARRUS\KMFONTANA
NWOODS2012,10.2.2.57,NWOODS2012\ADMINISTRATOR
ALPRM36B,10.9.16.159,CABARRUS\KLPLUMMER
FINTSSOLOMON,10.9.4.151,CABARRUS\TSSOLOMON
ITSTRAIN15,10.8.9.28,CABARRUS\KMKOZLOWSKI
DSSMEENGLISH,"192.168.1.100, 2600:1702:1170:2e90::c, 2600:1702:1170:2e90::40, 2600:1702:1170:2e90:1cc7:a59b:998:658e, 2600:1702:1170:2e90:850c:2f66:6a47:5d77",CABARRUS\MEENGLISH
SHFCMOTLEY,"192.168.1.4, 2600:380:10b7:e1ae:1982:7461:1ed5:f286, 2600:380:10b7:e1ae:70b3:e702:58c3:cd6b",CABARRUS\CWMOTLEY
PLANMCPHELPS,"10.8.53.203, 10.9.4.54",CABARRUS\MCPHELPS
BOEONESTOP-13,"10.8.6.27, 169.254.33.250",CABARRUS\SDUNEVANT
LANDRECSCAN,10.9.6.208,CABARRUS\JPALDRIDGE
SHFETBROWN,10.10.15.97,CABARRUS\EBROWN
911INTERNET-3,10.10.16.34,CABARRUS\SLBYRD
CMJDBRADLEY,"192.168.1.77, 2600:1700:5760:6110::34, 2600:1700:5760:6110:5847:4b46:67d:9f13, 2600:1700:5760:6110:bd32:5b63:3ea9:8ad0",CABARRUS\JDBRADLEY
DSSDSHIELDS,"192.168.0.12, 2603:6080:c140:b100:b863:c696:42c1:c7e5, 2603:6080:c140:b100:d936:106:4482:96b6",CABARRUS\DSHIELDS
ITSJADODD-DESK,10.8.51.22,CABARRUS\JADODD
CONLIBSTAFF-14,10.25.5.143,CABARRUS\KDBAKER
DSSRM114A,10.129.4.78,CABARRUS\KQJONES
ITSANBALANZAR,"192.168.0.159, 2603:6080:c201:c1d4:50dd:de91:7d44:1a84, 2603:6080:c201:c1d4:b562:9fee:2498:a24",CABARRUS\ANBALANZAR
BOEONESTOP-14,10.8.51.15,CABARRUS\CJEDWARDS
SHFJAILBOOKSUP,10.10.16.179,CABARRUS\JPCROSSMAN
DSSJLBLACK,"10.129.4.117, 10.129.5.42",CABARRUS\JLBLACK
BIDHDRAKE,192.168.8.170,CABARRUS\DHDRAKE
LIBLAJOLLY,10.25.5.187,CABARRUS\LAJOLLY
ITSEVENT10,10.8.53.53,CABARRUS\TRAIN01
HRSNPLOTT,10.129.4.81,CABARRUS\SNPLOTT
DHSSPARE7,10.9.10.50,CABARRUS\DBGRASSO
LIBADCLAY,10.25.5.217,CABARRUS\ADCLAY
BOEMEETINGRMPC,10.8.6.13,CABARRUS\TRAIN01
EMSEVENTBOX4,10.8.63.210,CABARRUS\EMS
DSSBHLEWIS,"10.129.5.13, 10.129.6.103",CABARRUS\BHLEWIS
FRESNEL,10.2.2.242,
BELLINI,"10.2.2.60, 10.2.2.62, 10.2.2.119, 10.2.2.120, 10.129.4.5, 10.129.4.6, 10.129.4.7","CABARRUS\TMSHANLEYDA,CABARRUS\JGREECEDA,CABARRUS\JRCOOKDA"
CONLIBSTAFF-6,10.25.5.162,CABARRUS\AMZECK
DSSELYNCH,"10.129.4.80, 10.129.6.77",CABARRUS\ELYNCH
QUICKFIELDS1,10.2.21.5,CABARRUS\MLSAUNDERS
SHFJAIL410,10.10.16.130,"CABARRUS\MJCORTELLESSA,CABARRUS\NCHAMMETT,CABARRUS\GCHATLEY"
IAM-JWBROWN,10.9.13.187,CABARRUS\JWBROWN
CONLIBSTAFF-5,10.25.5.101,CABARRUS\JRCOOK
TAXTLLISK,192.168.254.73,CABARRUS\TLLISK
DSSADAVIS,10.129.6.109,CABARRUS\ADDAVIS
XLERATOR,10.10.1.150,CABARRUS\JRCOOKDA
ITSWARD,192.168.1.174,CABARRUS\RTWARD
NVR-2,10.9.80.52,CABARRUS\KBTHOMAS
DSSLIEAP1,10.9.18.29,CABARRUS\JDMCLEAN
DSSGFPERRY,"10.129.5.6, 10.129.5.68",CABARRUS\GFPERRY
MPLIBSTAFF-9,10.25.5.175,CABARRUS\JMVANSOEST
KANLIBCRICUTPC,10.25.5.103,"CABARRUS\SDVANMETER,CABARRUS\AJREYES,CABARRUS\MDMETZ"
IAMJABROWN,10.8.14.13,CABARRUS\JABROWN
VMAIL1,10.19.1.201,VMAIL1\ADMINISTRATOR
IAMAFERICKSON,10.8.14.11,CABARRUS\AFERICKSON
CMARKNARR,10.9.6.205,CABARRUS\ARKNARR
DSSCSSCANPC1,10.131.1.13,CABARRUS\RMANDERSON
ITSMCWATERS,"192.168.0.5, 2603:6080:ae05:be00::2, 2603:6080:ae05:be00:24b3:c968:929b:181, 2603:6080:ae05:be00:34cf:8abd:ac1b:7c60",CABARRUS\JMMCWATERS
DSSSCHOLLAND,10.129.4.137,CABARRUS\SCHOLLAND
DSSMMORIN,"10.223.60.123, 100.227.107.97, 2603:6080:302:de6f:1de:5290:12e:9a81, 2603:6080:302:de6f:f5e1:45a3:118f:4cf6, 2607:fb90:cad:5881:74f8:a892:6c9e:20c4, 2607:fb90:cad:5881:95db:1e34:4269:79ad, 2607:fb90:cad:5881:f59c:9383:4a63:42bc",CABARRUS\MASHIVER
IAMMAMILLER,10.9.13.166,CABARRUS\MAMILLER
BITDFULK2,"192.168.1.7, 2600:1004:b0c1:1863:1c0c:56f2:e8ec:d20e, 2600:1004:b0c1:1863:e1cd:73b1:2c01:a4fd",CABARRUS\TDFULK
DSSSDALEXANDER,"192.168.0.9, 2603:6080:c107:dd00:181:5c58:ac88:ab1, 2603:6080:c107:dd00:51f4:9518:b2f9:1f01",CABARRUS\SDALEXANDER
BOEONESTOP-24,"10.8.51.14, 10.9.10.65",CABARRUS\CJEDWARDS
SHFSLROBINSON,10.0.0.90,CABARRUS\SLROBINSON
RED,192.168.240.132,RED\ADMINISTRATOR
HRAMALLEN,10.9.18.178,CABARRUS\AMDOBBINS
EOCSMARTBOARD1,10.10.15.35,CABARRUS\JABURNETT
DSSREDINGER,"10.129.4.202, 100.227.213.189, 2607:fb90:cac:9010:982c:5a45:c76d:50be, 2607:fb90:cac:9010:cd59:4b76:2d8b:c8b6, 2607:fb90:cac:9010:f801:9da5:eba3:4118",CABARRUS\REREDINGER
SHFAEDWARDS1,10.0.0.55,CABARRUS\AEDWARDS
EMS949A,"10.0.0.6, 10.0.0.10",CABARRUS\EMS11
ITSJSTALBERT,10.9.10.57,CABARRUS\JSTALBERT
SHFJRGILLELAND,10.10.15.175,CABARRUS\JRGILLELAND
LFFORMS,"10.2.2.72, 169.254.115.184",CABARRUS\JRCOOKDA
DSSVGEVEANS,"10.129.4.95, 10.129.4.140",CABARRUS\VGEVANS
DSSTEMP5,"10.129.4.209, 10.129.5.1",CABARRUS\RSIMMONS
CBA3,10.10.2.13,CABARRUS\HWJONES
GCMPRSHARP,10.9.18.205,CABARRUS\STGROSSMAN
EMS944A,"10.0.0.14, 10.0.0.17",CABARRUS\EMS12
GISLM,10.2.2.95,CABARRUS\LRPATTERSON
DHSSPARE2,10.9.10.65,CABARRUS\DBGRASSO
BOEONESTOP-21,10.8.9.27,CABARRUS\SDUNEVANT
EMSEVENTBOX3,"10.8.63.186, 172.25.52.55",CABARRUS\EMS
DSSEHODGES,"192.168.1.163, 2603:6080:b207:ab79::1922, 2603:6080:b207:ab79:490d:73da:f993:fdaf, 2603:6080:b207:ab79:f9ee:9fa4:6df8:f296",CABARRUS\ECHODGES
LIBCONTRAIN8,10.25.5.151,CABARRUS\TRAIN01
DSSMPLPCPC,10.9.16.175,CABARRUS\KAWOLFORD
SHFJAIL5BCLASS,10.11.95.190,CABARRUS\CLWINDLEY
CONLIBPC2,10.25.5.21,CABARRUS\LLALMOND
CABARRUSDEFENSE,10.12.51.79,CABARRUS\CABARRUSDEFENSE
MOE,10.2.2.162,CABARRUS\SRVLASER
CMEHODGES,10.9.9.160,CABARRUS\ECHODGES
SHFJSBURNETTE,"192.168.1.30, 2600:380:10d9:c5b8:60cd:f237:6b71:41a3, 2600:380:10d9:c5b8:e189:6d7:4832:e2dd",CABARRUS\JSBURNETTE
BIREHAMMAC,"192.168.1.2, 2600:1004:b20b:799:c0e:834:bc4c:4e0f, 2600:1004:b20b:799:f814:7dba:7aa7:649c",CABARRUS\REHAMMAC
ITSTOSTRANDER,192.168.68.127,CABARRUS\TAOSTRANDER
NVR-3,10.9.80.53,CABARRUS\KBTHOMAS
BILAPBDAUSTIN,"192.168.1.67, 2600:1004:b20c:9b7b:89d:8938:c4ac:4000, 2600:1004:b20c:9b7b:158e:659a:b343:9421",CABARRUS\BDAUSTIN
GISMONITOR,10.2.21.11,CABARRUS\JBATTINELLI
TAXKJGATES,"10.8.53.28, 10.9.6.199",CABARRUS\KJGATES
DSSCYGOODMAN,"10.129.5.29, 10.129.6.187, 100.225.225.142, 2607:fb90:5235:ec86:cd9:2b7:b208:c4a8, 2607:fb90:5235:ec86:44d0:95ee:8c4b:1ad9, 2607:fb90:5235:ec86:51fe:51d0:3aa0:7c13",CABARRUS\CYGOODMAN
ACCELA1,10.2.2.190,ACCELA1\ADMINISTRATOR
MPLIBSTAFF-10,10.25.5.135,CABARRUS\SMBEAMON
SHFTNHOOKS,"192.168.1.28, 2600:380:10b4:acd9:d55:da26:945:1048, 2600:380:10b4:acd9:f4c7:b1b:ddde:db67",CABARRUS\TNHOOKS
EMGTSGBASINGER,192.168.142.146,CABARRUS\SGBASINGER
DSSESDDKENDALL,"10.129.4.166, 10.129.5.187",CABARRUS\DMKENDALL
DSSATURNERCOX,"10.8.51.17, 100.227.119.91, 2607:fb90:1bc2:a529:31e8:940:8f88:a221, 2607:fb90:1bc2:a529:555e:21e4:9e8d:2c09, 2607:fb90:1bc2:a529:a4e4:a097:5247:a872",CABARRUS\AMTURNER
COURTCLERKPC1,10.10.15.43,CABARRUS\PVARNADORE
IAMPAGORDON,10.8.14.190,CABARRUS\PAGORDON
DSSDANATION,"10.129.4.215, 10.129.5.55",CABARRUS\DANATION
EOCLAP10,10.9.11.201,"CABARRUS\DCSTEELE,CABARRUS\JATHOMPSON"
DSSFSSDLIPE,192.168.1.128,CABARRUS\LLIPE
DSSLLMBROWNLEE,10.129.4.189,CABARRUS\LMBROWNLEE
IAMCONFERENCE,10.9.13.172,CABARRUS\MAMILLER
SHFPLANDERS,10.10.15.69,CABARRUS\PSLANDERS
DSSKGFOUNTAIN,10.129.4.90,CABARRUS\KGFOUNTAIN
SHFRECORDSPC6,10.10.16.182,CABARRUS\DRDISSLER
LIBAAWILKERSON,"10.25.5.213, 10.25.6.154",CABARRUS\AAWILKERSON
COOPFBOGUTSKY,10.8.4.12,CABARRUS\TLECOMPTE
TAXLBSHUE,"10.8.53.43, 10.9.6.191",CABARRUS\LBSHUE
DSSJKILLIAN,"100.225.103.193, 2607:fb90:5233:3ada:28b4:6abb:4649:d35e, 2607:fb90:5233:3ada:5894:3645:6d7f:dc13, 2607:fb90:5233:3ada:e0fe:c026:9e7a:3e3b",CABARRUS\JMKILLIAN
EOCLAP12,"10.9.10.74, 10.10.16.86",CABARRUS\ECTREVATHAN
MPLIBSTAFF-7,10.25.5.127,CABARRUS\AAROBINSON
HBLIBSTAFF-10,10.25.5.188,CABARRUS\PJWRIGHT
OSSI-ANIALI,10.10.1.195,CABARRUS\SRVOSSI
SQL_ADMIN,10.2.2.112,CABARRUS\WAJOHNSON
ITSTMSTURGILL,"192.168.1.7, 2603:6080:b003:2076::6, 2603:6080:b003:2076:3101:ca9a:cf3e:a9cf, 2603:6080:b003:2076:fdd0:a0bd:99d4:38a6",CABARRUS\TMSTURGILL
ITSCARDWELL,192.168.86.122,CABARRUS\ITS14
SHFSZEMAN,10.10.15.14,CABARRUS\SAZEMAN
SHFWYMCGUIRE1,"192.168.1.20, 2600:380:10bc:b573:157e:95e2:c917:fc6e, 2600:380:10bc:b573:e419:e2a5:6c:94c0",CABARRUS\WYMCGUIRE
FINLAPAHARRIS,"10.8.53.61, 10.9.8.186",CABARRUS\ARHARRIS
ARENAFD,10.9.29.13,CABARRUS\THSMITH
DSSCSSFLOWE,10.131.1.18,CABARRUS\SFLOWE
SHFMOTORBIKE1,"100.75.91.129, 2600:1004:b04f:9937:3d58:3239:b08a:4aeb, 2600:1004:b04f:9937:f00a:aa85:a556:8d11, 2600:1004:b04f:9937:f8a2:2b79:17b0:110d",CABARRUS\OJGRIMES
DSSKMCIVER,"192.168.1.254, 2603:6080:ef07:a35b::b64, 2603:6080:ef07:a35b:542f:153a:d9dd:216c, 2603:6080:ef07:a35b:a0fe:8e5c:6204:9c74",CABARRUS\KDMCIVER
SHFMWILSON,"192.168.1.97, 2600:380:10d7:3011:a059:b0ff:12e0:51f9, 2600:380:10d7:3011:a5c5:629a:d57c:8028",CABARRUS\MTWILSON
SHFSELLERS,10.0.0.166,CABARRUS\WSELLERS
SHFJHELMS,10.8.63.13,CABARRUS\JWHELMS
DSSJBASS,"10.129.5.15, 10.129.6.100",CABARRUS\JBASS
VEEAM2,10.2.21.7,CABARRUS\CBMORLEYDA
JAIL-MED504,10.10.15.151,CABARRUS\DBETHEA
ALPCONCORDFD1,10.9.16.168,CABARRUS\PEDOWSE
LIBSTAFF-4,10.25.6.125,CABARRUS\LMKESLER
EMSTRAIN4,10.8.63.63,CABARRUS\EMS
DSSCSBRAZELTON,192.168.254.11,CABARRUS\CSBRAZELTON
SHFDADCOCK,"192.168.1.37, 2600:380:10a1:257b:249b:a7cd:80a9:57ec, 2600:380:10a1:257b:80f9:edd7:ec5a:f299",CABARRUS\DPADCOCK
ACCELA2,10.2.2.191,
DSSCSLAENDICOTT,"10.129.6.108, 10.131.1.121",CABARRUS\LAENDICOTT
SHFSROTRNORMAN,"192.168.1.52, 2600:380:10da:78cd:39e9:9880:4238:84d9, 2600:380:10da:78cd:dc7c:305:5a55:be9c",CABARRUS\TRNORMAN
911INTERNET-1,10.10.16.47,CABARRUS\RWALKIRE
DSSBHANNAH,"192.168.0.17, 2603:6080:ae01:3200:1483:8822:c000:4158, 2603:6080:ae01:3200:d13d:61ce:7dab:ee0a",CABARRUS\BTHANNAH
KANLIBTRAIN7,"192.168.1.173, 2603:6080:af04:77d0::1b2f, 2603:6080:af04:77d0:5178:6a94:24aa:d05, 2603:6080:af04:77d0:8cb6:850f:3c7d:809a, 2603:6080:af04:77d0:90c7:fcb6:48cc:62aa, 2603:6080:af04:77d0:a536:facc:5e56:da2",CABARRUS\AJREYES
DSSEMALICEA,"10.129.4.121, 10.129.5.62",CABARRUS\EMALICEA
DSSCMTHOMPSON,"10.129.4.120, 10.129.4.125",CABARRUS\CMTHOMPSON
SHFRECORDSPC8,10.10.15.57,CABARRUS\DMILLER
PLANBHICKS,192.168.1.90,CABARRUS\BAHICKS
DSSTMMILLER,"192.168.1.161, 2603:6080:c102:89be::106a, 2603:6080:c102:89be:552:178a:3212:5e4f, 2603:6080:c102:89be:e937:fb38:9f9e:6806",CABARRUS\TMMILLER
ANIMALCNORTH,10.10.15.42,CABARRUS\CBNORTH
CHERWELL,10.9.9.188,CABARRUS\CHERWELL
MIDLANDPAC,10.9.10.66,CABARRUS\TMSTURGILL
MOZART,10.2.21.22,CABARRUS\JRCOOKDA
ANIMALBELUSK,"10.8.63.70, 10.10.15.149",CABARRUS\BELUSK
TRANDRIVERPC3,10.9.12.156,CABARRUS\MCREID
SHFZNANIEKI,10.0.0.76,CABARRUS\CJZNANIECKI
NEWTON,10.2.2.135,CABARRUS\TYLERSERVICE
SHFJDCRAYTON,10.0.0.60,CABARRUS\JDCRAYTON
VETPC1,10.9.5.69,CABARRUS\JADRISKER
MTPLIBPC2,10.25.5.131,"CABARRUS\JMVANSOEST,CABARRUS\BTSHAVER"
CBA1,10.9.11.214,CABARRUS\JRCOOK
GIBBONS,10.25.8.15,CABARRUS\JRCOOK
DSSFEOWENS,"10.129.4.75, 10.129.4.177",CABARRUS\FEOWENS
DSSDAFERRIS,10.129.4.157,CABARRUS\DAFERRIS
SHFJOBERG,10.0.0.56,CABARRUS\JJOBERG
FINZI,10.2.2.225,FINZI\ADMINISTRATOR
CBA12,10.10.2.22,
DSSGAMOORE,10.129.5.58,CABARRUS\GAMOORE
DSSTPAGE,"100.227.179.146, 2607:fb90:1bc4:cf51:7470:8672:42df:bfda, 2607:fb90:1bc4:cf51:98fa:d068:6172:37e9, 2607:fb90:1bc4:cf51:a4e5:dd97:9273:ae2",CABARRUS\TTPAGE
SHARPAQUOSEOC1,10.9.11.208,CABARRUS\EOCAQUOS1
SQUAD410TRUCK,10.0.0.6,CABARRUS\SQ410
ITSJPOE,192.168.68.106,CABARRUS\JCPOE
DSSCSCBATTLE,"10.129.4.99, 10.131.1.19",CABARRUS\CBATTLE
DSSLFULLERTON,"10.129.5.51, 10.129.6.125, 100.226.141.88, 2607:fb90:1bc5:ac0c:659a:f9af:50a4:a18a, 2607:fb90:1bc5:ac0c:81ad:ce7d:3f60:70a8, 2607:fb90:1bc5:ac0c:8c50:40b9:f773:b43f",CABARRUS\LFULLERTON
JAILCOURT2,10.10.15.83,CABARRUS\CABARRUSJAIL1
SHFJBRANSCUM,10.10.15.25,CABARRUS\JEBRANSCUM
SHFCSIFDPC,10.9.10.141,CABARRUS\AJKELLEY
DSSSLSCHUENEMAN,"10.129.4.133, 10.129.6.127",CABARRUS\SLSCHUENEMAN
SONNY,"192.168.0.63, 192.168.0.65",
SHFDWLAMBERT,10.0.0.60,CABARRUS\DWLAMBERT
DSSRM558D,10.129.5.66,CABARRUS\PDPUCKETT
ITSETREVATHAN,10.9.10.150,CABARRUS\ECTREVATHAN
BOEONESTOP-31,10.8.6.195,CABARRUS\SDUNEVANT
SHFCCROWELL,10.0.0.11,CABARRUS\CJCROWELL
SHFJAIL1A,10.10.15.155,CABARRUS\JVAUTEN
SHFDLHINSON,10.0.0.71,CABARRUS\DLHINSON
TRANDRIVERPC2,10.9.12.155,"CABARRUS\TDAVIDSON,CABARRUS\TVMASON"
DSSSCWHITLOCK,10.9.18.26,CABARRUS\SCWHITLOCK
BISHOP,10.2.2.140,CABARRUS\JRCOOKDA
LIBSTAFF-5,10.25.6.135,CABARRUS\SAWILLIAMS
DSSVELONDON,"10.129.4.106, 10.129.6.101",CABARRUS\VELONDON
KANLIBTRAIN2,10.25.5.185,CABARRUS\AMWHITE
BILAPCHOGUE,"192.168.1.12, 2600:1004:b0cb:5fd6:387a:1fb7:e509:abe7, 2600:1004:b0cb:5fd6:6936:c8b7:b4ba:9678",CABARRUS\TCHOGUE
911INTERNET-24,10.10.16.63,CABARRUS\RWMAUNEY
SHFTSRICHARDS,"10.8.63.198, 10.10.16.142",CABARRUS\TSRICHARDS
SHFJLEWIS,10.8.63.197,CABARRUS\JALEWIS
DSSASBEST,"10.129.4.126, 10.129.4.181",CABARRUS\ASBEST
CHEVELLE,10.2.2.166,CABARRUS\WAJOHNSON
ALPRWP3,10.9.16.160,CABARRUS\DGBRIGGS
SHFMHUNT,10.8.12.10,CABARRUS\MHUNT
KANLIBTRAIN3,"192.168.0.24, 2603:6080:bf40:3900:11c3:8e5d:9c6:7b52, 2603:6080:bf40:3900:2518:184f:4e8c:e3f2","CABARRUS\RECOOKE,CABARRUS\MDMETZ"
BOEONESTOP-25,10.8.6.28,CABARRUS\SDUNEVANT
EMSEVENTBOX2,10.8.63.210,CABARRUS\EMS
HRDIRECTOR,"10.8.53.29, 10.9.18.36",CABARRUS\LLCOVINGTON
EMSJMAULDEN,"10.8.18.10, 10.9.22.15",CABARRUS\JAMAULDEN
SHFKMBOND1,192.168.1.87,CABARRUS\KMBOND
DSSJARETA,10.129.4.46,CABARRUS\JARETA
CMMDOWNS,"10.8.53.35, 10.9.18.197",CABARRUS\MKDOWNS
SHFAPTROUTMAN,"192.168.1.75, 2600:380:10ef:a1b2:6938:ad8e:355:e1a1, 2600:380:10ef:a1b2:d02f:34e0:4025:21a9",CABARRUS\APTROUTMAN
BOESDUNEVANT,10.9.5.108,CABARRUS\SDUNEVANT
OSSI_CAD,10.10.1.196,CABARRUS\SRVOSSI
DSSFSSDEAHESTON,"10.129.4.212, 10.129.5.52",CABARRUS\EAHESTON
DSSJMKOR,192.168.137.10,CABARRUS\JMKOR
SHFBOOK2,10.10.15.71,CABARRUS\MNDEESE
SHFMAHALE,10.0.0.18,CABARRUS\MAHALE
911INTERNET-4,10.10.16.42,CABARRUS\KKSHAMBAUGH
EMSKACLARKE1,10.9.22.10,CABARRUS\KACLARKE
SHFCID-5,10.10.15.58,CABARRUS\JCRHINEHARDT
MPLIBSTAFF-8,10.25.5.133,CABARRUS\BTSHAVER
IAMCWHITE,10.9.13.168,CABARRUS\CJWHITE
EMSSPARE2,10.0.0.19,CABARRUS\EMS41
LIBCONTRAIN9,10.25.6.127,CABARRUS\LLALMOND
SHFVISITKIOSK,10.9.14.220,SHFVISITKIOSK\KIOSKUSER0
SHFJACALLAHAN,10.8.12.191,CABARRUS\JACALLAHAN
DSSESFOSTER,"10.129.4.101, 10.129.6.102",CABARRUS\ESFOSTER
ITSEVENT6,10.8.53.44,CABARRUS\TRAIN01
SHFEVIDENCEMOB,10.10.15.39,CABARRUS\EVIDENCE
FINSCANPC,10.9.8.181,"CABARRUS\PSRITCH,CABARRUS\ARHARRIS,CABARRUS\MSTHORNE"
DARWIN,10.2.2.125,CABARRUS\TYLERSERVICE
LIBSTAFF-17,10.25.5.161,CABARRUS\AMOCONNOR
FINLAPBCRABTREE,"192.168.1.131, 2603:6080:308:f4f0:448e:37e1:b623:f98, 2603:6080:308:f4f0:a42e:f051:c0c4:35d9",CABARRUS\RCCRABTREE
ITSTHOMAS,"10.8.51.17, 10.9.9.153",CABARRUS\KBTHOMAS
DSSTAMCRAE,10.129.6.122,CABARRUS\TAMCRAE
DSSTJEASTMAN,192.168.1.13,CABARRUS\TJEASTMAN
DSSRMFLEMING,"10.129.4.122, 10.129.6.147",CABARRUS\RMFLEMING
FINLAPJFOXX,"192.168.1.243, 2603:6081:202:1775:0:2253:74e7:6ec4, 2603:6081:202:1775:3c10:68eb:ce26:5535, 2603:6081:202:1775:7579:45b7:2a0b:1f66",CABARRUS\JTFOXX
DSSBAPRYMOCK,"192.168.1.202, 2605:a601:a1b8:9000:60d1:43f8:e8c0:4706, 2605:a601:a1b8:9000:e9fd:8708:536a:a489",CABARRUS\BAPRYMOCK
SHFATRANKIN,"172.20.10.6, 2600:380:10ec:4ce7:7d1e:5a19:72c1:c4eb, 2600:380:10ec:4ce7:f179:33ef:8403:48d5",CABARRUS\ATRANKIN
JAIL-MED531,10.10.15.237,CABARRUS\MJFISHER
DSSLPCFLOAT,192.168.254.145,CABARRUS\TRGILLAND
EOCLAP15,10.8.63.208,"CABARRUS\TMSTURGILL,CABARRUS\JABURNETT"
DSSTEMP1,10.129.6.158,CABARRUS\JCBENNETT
DSSKNHOLDER,172.23.43.37,CABARRUS\KNHOLDER
HRJRRAY,"192.168.0.13, 2603:6080:ee05:eb00:2c59:6b0f:2462:1b37, 2603:6080:ee05:eb00:aa7e:eaff:fe79:ad42, 2603:6080:ee05:eb00:bd9c:7f4d:4ae9:76c5",CABARRUS\JRRAY
BOEFRONT1,10.9.5.54,CABARRUS\SDUNEVANT
DSSESDTLCROCKET,"10.129.5.237, 10.129.6.159",CABARRUS\TLCROCKETT
DSSFHBANKS,"10.129.4.191, 10.129.5.65",CABARRUS\FHBANKS
CBA5,10.10.15.6,CABARRUS\MBFULLER
ALPLASTRONG,"192.168.1.202, 2600:1700:25d0:bb20::43, 2600:1700:25d0:bb20:9085:a4f6:b9d8:82bd, 2600:1700:25d0:bb20:ad0f:f2ce:820a:534e",CABARRUS\LASTRONG
DSSCALLSBROOK,"10.129.4.162, 10.129.5.63",CABARRUS\CALLSBROOK
EMSSPARE4,10.8.51.197,CABARRUS\EMS42
EMS953B,10.0.0.9,CABARRUS\EMS31
BKUPACCELA1,10.9.25.190,BKUPACCELA1\ADMINISTRATOR
BIJCWEST,"192.168.1.97, 2600:1004:b03b:bbef:6919:c30d:a8c5:432f, 2600:1004:b20f:b525:64c5:eec3:436:646d, 2600:1004:b20f:b525:e512:e074:762d:eab3",CABARRUS\JCWEST
ITSEVENT3,10.8.53.44,CABARRUS\TRAIN01
GISSERVICES,10.2.2.169,CABARRUS\JBATTINELLI
ITSJHHENTZE,10.9.10.145,CABARRUS\JHHENTZE
SHFCTSMITH,10.11.85.12,CABARRUS\CTSMITH
EMS955B,10.0.0.6,CABARRUS\EMS91
DSSARGALLEGOS,"10.129.5.77, 10.129.6.174",CABARRUS\ARGALLEGOS
GUARD1,10.10.1.125,CABARRUS\CBMORLEY
CMAFPOPLIN,"10.8.53.36, 10.9.18.179",CABARRUS\AFPOPLIN
DSSJAFAULCON,"100.227.161.64, 2607:fb90:ca1:9c5a:3c6a:c92c:3f3:1054, 2607:fb90:ca1:9c5a:d5d8:9c1b:1bd:c595, 2607:fb90:ca1:9c5a:f524:629b:3159:73b0",CABARRUS\JAFAULCON
CONLIBSTAFF-7,10.25.5.155,CABARRUS\DMMCLAIN
ITSRTWARD,10.8.9.12,CABARRUS\RTWARD
ITSBATTINELLI,10.9.9.154,CABARRUS\JBATTINELLI
DSSCBEACHAM1,"10.129.4.73, 10.129.6.141, 100.227.104.145, 2607:fb90:cae:46d3:8997:5c71:404c:6f2f, 2607:fb90:cae:46d3:b46f:ccf0:ea5b:8256, 2607:fb90:cae:46d3:d429:f9c1:fe55:778c",CABARRUS\CBEACHAM
SHFSVERBLE,10.0.0.15,CABARRUS\ASVERBLE
DSSSRWATTS,192.168.254.68,CABARRUS\SRWATTS
XMEDIUS,10.19.0.250,XMEDIUS\ADMINISTRATOR
DSSGASALAZAR,10.129.6.112,CABARRUS\GASALAZAR
SHFTCRABTREE,"192.168.1.53, 2600:380:10c3:a200:4d51:6f12:c07a:fb55, 2600:380:10c3:a200:f5cb:ce53:47ec:99ea",CABARRUS\TCCRABTREE
EMS939,"10.0.0.6, 10.0.4.16",CABARRUS\EMS
CONLIBMLREARDON,"10.25.5.114, 10.25.5.134",CABARRUS\MLREARDON
ALPCSCMEETINGPC,10.8.20.17,CABARRUS\IJSWEENEY
SHFMOTORBIKE3,"100.73.81.206, 2600:1004:b0b3:b0af:4dc3:7e1c:282a:c714, 2600:1004:b0b3:b0af:b870:82e:a338:949c, 2600:1004:b0b3:b0af:ccb0:e728:f5a3:c0ac",CABARRUS\GLCHRISTIE
SHFJAIL5A,10.10.15.74,"CABARRUS\JATHERRELL,CABARRUS\BSBRIDGEMAN"
ITSJONES,10.8.51.18,CABARRUS\MAJONES
BIT9SERVER,10.2.2.149,CABARRUS\BIT9SQL
EMSCPCAD2,"10.0.4.10, 169.254.10.14",CABARRUS\EMSCP2
VIDEOEDIT2,10.9.18.101,CABARRUS\JBGLASS
911INTERNET-18,10.10.16.144,CABARRUS\JWEUDY
DSSDMATHIS,10.129.6.69,CABARRUS\DMATHIS
EMS1CPPC1,10.9.22.17,CABARRUS\WRLONG
DSSLKDIPAOLO,"10.129.4.219, 10.129.6.95",CABARRUS\LKDIPAOLO
CBA21,10.10.15.137,
SHFBCEGGERS,10.10.15.82,CABARRUS\BCEGGERS
EMS955A,10.0.0.9,CABARRUS\EMS91
LIBCYBER5,"10.9.10.65, 172.30.223.253",LIBCYBER5\CABCYBER
DSSCSSTJOHN,10.129.5.25,CABARRUS\CSSTJOHN
SHFPSHUE,10.0.0.38,CABARRUS\PSSHUE
DSSEEVERETT,10.129.4.149,CABARRUS\EDEVERETT
DSSSRBUCHANAN,"10.129.4.182, 10.129.5.103, 100.225.16.249, 2607:fb90:522c:532f:a9ba:fd66:b01a:3c98, 2607:fb90:522c:532f:bce0:191f:eab0:dfca, 2607:fb90:522c:532f:e854:6823:5c63:f9ee",CABARRUS\SRBUCHANAN
SHFDJBRIDGES,10.10.15.94,CABARRUS\DJBRIDGES
DSSEMILLER,"10.129.4.81, 10.129.5.106",CABARRUS\EGMILLER
RMG,10.2.2.27,"CABARRUS\MLSAUNDERSDA,RMG\ADMINISTRATOR"
ALPCONCORDMPR,10.8.20.15,CABARRUS\DACLARK
DSSFAKERSEY,192.168.254.74,CABARRUS\FSKERSEY
ITSTRAINING1,10.8.53.44,CABARRUS\TRAIN01
ARENAKMDUNN,10.9.29.11,
JAIL-MED505,10.10.15.116,CABARRUS\IBARNES
SHF911CAMERAPC,10.8.63.195,CABARRUS\BRBIGGS
NETMOTION,192.168.10.27,NETMOTION\ADMINISTRATOR
BIDLCARDEN,"192.168.1.13, 2600:1004:b051:11d7:d1f8:c581:ca32:de75, 2600:1004:b051:11d7:f929:3974:6478:2038",CABARRUS\DLCARDEN
SHFAHELMS,10.0.0.13,CABARRUS\ANHELMS
ITSPATTERSON,192.168.1.106,CABARRUS\LRPATTERSON
CENTRIFYGC,"10.2.2.207, 169.254.94.235",CABARRUS\CENTRIFY
SHFBISENHOUR,10.0.0.6,CABARRUS\BRISENHOUR
DSSONCALL-26,10.129.4.208,CABARRUS\DABLACK
SHFBASAFFELL,10.0.0.74,CABARRUS\BASAFFELL
911INTERNET-17,10.10.16.57,
LIBCONHISTORY,10.25.5.206,CABARRUS\LMKESLER
DSSTMCORNETT,10.129.6.139,CABARRUS\TMCORNETT
SHFALFAVIA,"10.0.0.20, 10.0.0.86",CABARRUS\ALFAVIA
PLANMHERNANDEZ,"10.8.53.16, 10.9.4.154",CABARRUS\MHERNANDEZ
DHSJCUNNINGHAM,"10.9.18.194, 10.129.6.106",CABARRUS\JMCUNNINGHAM
CMDEPUTYCERK1,10.9.18.23,CABARRUS\AFPOPLIN
AVET,10.2.2.237,CABARRUS\JRCOOKDA
DSSNVGRAVES,"100.225.39.5, 2607:fb90:5235:1fe9:1e9:3f6c:a4c1:d3a5, 2607:fb90:5235:1fe9:39f8:ff76:cc00:9c69, 2607:fb90:5235:1fe9:f4a9:60ff:95f4:5d55",CABARRUS\NVGRAVES
DSSETMALLONEE,10.129.5.9,CABARRUS\ETMALLONEE
DSSBRODGERS,10.9.10.145,CABARRUS\JHHENTZE
ITSDEXTRE,"192.168.1.20, 2603:6081:2d07:5300:3892:1f4f:aa07:6904, 2603:6081:2d07:5300:e19d:17fa:fe0a:280b",CABARRUS\ADEXTRE
SHF-BLCONRAD,10.10.15.78,CABARRUS\BLCONRAD
ITS-VIDEOWALL,10.10.15.228,CABARRUS\CABARRUSJAIL
SHFRECORDSPC4,10.10.16.180,CABARRUS\SADEMPSEY
DSSKBCALHOUN,"10.129.4.67, 10.129.5.83",CABARRUS\KBCALHOUN
SHFCID-4,10.10.15.4,
EMGTSLANGER,"10.8.63.40, 10.10.15.111",CABARRUS\SMLANGER
SHFANIMALFD,10.10.16.175,CABARRUS\DMTHOMPSON
DSSJLLANGLEY,"10.129.6.111, 100.226.71.166, 2607:fb90:1bcd:c25b:24e0:d5a1:b355:f414, 2607:fb90:1bcd:c25b:5948:d82a:1c5f:2576, 2607:fb90:1bcd:c25b:9443:dc05:b1b4:3f45",CABARRUS\JLLANGLEY
ALPFLPPOSLAP1,10.9.2.33,"CABARRUS\KELYNE,CABARRUS\CVGABLE"
DSSSHHARRIS,"10.129.4.230, 10.129.5.38",CABARRUS\SHHARRIS
SHFTWBOAN,10.0.0.22,CABARRUS\TWBOAN
SHFTCANADAY,10.0.0.68,CABARRUS\TBCANADAY
SHFLSZABO,"192.168.1.4, 2600:380:10ae:9470:6592:70e8:6d0c:d72, 2600:380:10ae:9470:79a3:8eb1:96e9:81ce",CABARRUS\LWSZABO
EMS954A,"10.0.0.6, 10.0.0.20",CABARRUS\EMS41
LANDFILLNVR,172.29.225.226,CABARRUS\KBTHOMAS
EMSPC1,10.9.22.25,"CABARRUS\JSROSEMAN,CABARRUS\NARUNGE,CABARRUS\ECHOWARD,CABARRUS\JOBEALL"
SHFCELWOOD,"10.8.63.31, 10.10.16.126",CABARRUS\CAELWOOD
CRSARCHIVE,10.10.10.155,"CRSARCHIVE\EVENTIDE,CRSARCHIVE\ADMINISTRATOR,CABARRUS\JRCOOKDA"
ANIMALVETERE,"10.8.63.22, 10.10.15.121",CABARRUS\JRVETERE
KANLIBSTAFF-2,10.25.5.100,CABARRUS\AJREYES
BOEONESTOP-8,172.30.223.237,CABARRUS\SDUNEVANT
TORINO,10.2.2.212,"CABARRUS\WAJOHNSON,CABARRUS\SRVSQL"
DSSSDBLAKEY,192.168.1.14,CABARRUS\SDBLAKEY
DSSBADYCK,"10.129.6.73, 10.129.6.129",CABARRUS\BADYCK
PLANFRONT3050,10.9.4.64,"CABARRUS\BAHICKS,CABARRUS\LCRUSE"
CBA14,10.10.2.24,
DSSKSKELLY2,"100.226.79.187, 2607:fb90:1bcf:46a7:75cc:1168:1669:8c26, 2607:fb90:1bcf:46a7:8926:c94a:9f3c:2f64, 2607:fb90:1bcf:46a7:c8df:a72f:f78b:1dc9",CABARRUS\KSKELLY
KANLIBSTAFF-11,10.25.5.207,CABARRUS\JASTORY
DSSKDFREEMAN,10.129.5.145,CABARRUS\KDFREEMAN
BIAMGREENE,"192.168.1.99, 2600:1004:b069:b043:a937:c33f:d6ad:a169, 2600:1004:b069:b043:c02c:7fb9:2a57:65e8",CABARRUS\AMGREENE
SWCONFERENCE,10.9.17.187,CABARRUS\WDMCCLELLAN
SHFMIDLANDOFFIC,192.168.45.208,CABARRUS\DWLAMBERT
MARCONI,10.2.2.241,CABARRUS\VARONIS
SHFJAIL1ACLASS,10.11.91.10,CABARRUS\JAIL_CLASSROOM
EMSKTALLRED,10.8.18.190,CABARRUS\KTALLRED
911INTERNET-8,10.10.16.4,CABARRUS\SMMARSH
GISRDS1,10.2.2.69,
DESIGO,192.168.223.201,
TAXLREIMER,"192.168.1.61, 2603:6080:b003:2087::1269, 2603:6080:b003:2087:1563:5f14:f600:8482, 2603:6080:b003:2087:58ac:c312:b139:3073",CABARRUS\LAREIMER
VCD,10.2.7.99,CABARRUS\SRVSQL
ITSTAOSTRANDER,192.168.68.138,CABARRUS\TAOSTRANDER
ITSCDHENDRIX,10.9.9.151,CABARRUS\CDHENDRIX
DSSGLALFORD,"10.129.4.65, 10.129.5.8",CABARRUS\GLALFORD
DSSMEUDY,"10.129.5.53, 10.129.6.66",CABARRUS\MTEUDY
SHFJAYOUNT,10.8.63.29,CABARRUS\JAYOUNT
IAMPARTSROOMPC,10.9.13.186,CABARRUS\JEDAVIS
DSSRM148,10.129.5.194,CABARRUS\DMMARTIN
EMSJLENTZ,10.9.22.16,CABARRUS\JWLENTZ
SHFBAELWOOD,10.8.63.200,CABARRUS\BAELWOOD
DSSMLANDERSON,"10.129.5.20, 10.129.6.93",CABARRUS\MLANDERSON
ITSEMSBASE,10.9.10.50,ITSEMSBASE\ITS
SHFGMSCRIVANI,10.11.85.13,CABARRUS\GMSCRIVANI
SHFSWAGONER,10.0.0.95,CABARRUS\SDWAGONER
IAMALWILLIAMS,10.8.14.12,CABARRUS\ALWILLIAMS
DSSHALBRIGHT,"10.129.4.252, 10.129.6.75",CABARRUS\HGALBRIGHT
FINLAPDREECE,"10.8.53.11, 10.9.8.182",CABARRUS\DIREECE
DSSLLATSON,10.129.4.245,CABARRUS\LGLATSON
CHARLES,10.2.2.230,CABARRUS\TYLERSERVICE
IAMGARAGELAP,10.8.14.10,"CABARRUS\JTCLONTZ,CABARRUS\WJPENNINGER"
VCONNDSS,10.2.7.92,CABARRUS\SRVVIEW
DSSEAPETERSON,"10.129.4.69, 10.129.5.22",CABARRUS\EAPETERSON
SHFMDANDERSON,"192.168.0.35, 2603:6080:bf03:4000:3460:73bf:d399:71d1, 2603:6080:bf03:4000:ecf4:c6a6:82e4:a11",CABARRUS\MDANDERSON
DSSJNNOV,"192.168.1.72, 2603:6081:2c08:17f5::145d, 2603:6081:2c08:17f5:617a:66cf:f559:9323, 2603:6081:2c08:17f5:81b3:7476:e3f8:6aa8",CABARRUS\JNNOV
DHSMEETINGLAP-1,172.30.220.182,CABARRUS\TRAIN01
BOEONESTOP-5,10.8.6.25,CABARRUS\SDUNEVANT
EMGTSMLANGER,10.8.63.34,CABARRUS\SMLANGER
SHFCIDLABLAPTOP,10.9.10.56,SHFCIDLABLAPTOP\LAB
911INTERNET-13,10.10.16.52,CABARRUS\CMAUSTIN
SHFCID-9,10.10.15.16,CABARRUS\AKSHACKELFORD
TPMCGHEEDESKTOP,10.10.15.17,CABARRUS\TPMCGHEE
CONLIBLOANLAP-2,10.25.5.121,CABARRUS\AJCORNETT
SHFGARITZHEIMER,10.0.0.91,CABARRUS\GARITZHEIMER
BOETJCOOK,"10.8.6.11, 10.9.5.57",CABARRUS\TCOOK
VEEAM6,10.2.21.16,
SHFCASUGGS,192.168.1.116,CABARRUS\CASUGGS
BOEONESTOP-34,10.8.6.13,CABARRUS\CJEDWARDS
EMS941B,10.0.0.12,CABARRUS\EMS19
BOEONESTOP-10,10.8.6.16,CABARRUS\SDUNEVANT
EMSKRKIZIAH,10.8.18.14,CABARRUS\KRKIZIAH
SHFPOLYGRAPH2,10.8.63.11,CABARRUS\PRNORRIS
DSSJCAUTHEN,10.9.10.55,CABARRUS\DBGRASSO
TAXTAREADLING,"192.168.0.16, 2603:6081:2c01:2a00::7, 2603:6081:2c01:2a00:3d10:5b1a:1cd8:738d, 2603:6081:2c01:2a00:9959:644:8c9d:3ddd",CABARRUS\TAREADLING
SHFJHBLOVSKY,10.0.0.6,CABARRUS\JHBLOVSKY
TAXSBLIVENGOOD,10.9.3.193,CABARRUS\SBLIVENGOOD
DSSSLGEE,"100.224.53.95, 2607:fb90:523b:3ee1:54e1:1cbc:a99f:debb, 2607:fb90:523b:3ee1:a461:3994:bf88:eb1, 2607:fb90:523b:3ee1:fcfb:8cde:a3fa:6cec",CABARRUS\SLGEE
ATHENA,10.2.2.203,
ALERTUS,10.2.2.151,CABARRUS\JMMCWATERS
DSSKNGRANT,"10.129.4.61, 100.224.98.178, 2607:fb90:5230:6b63:905c:1bf3:2a74:6da4, 2607:fb90:5230:6b63:f19b:2151:b65d:3cfd, 2607:fb90:5230:6b63:fc29:f2bb:f9cc:7a0f",CABARRUS\KNGRANT
ANMALDORROH,10.8.63.46,CABARRUS\ESDORROH
EMS947A,"10.0.0.6, 10.0.0.8",CABARRUS\EMS71
SHFSNAQUILINO,10.10.15.76,CABARRUS\SNAQUILINO
CMSBRUCE,"192.168.1.130, 2603:6080:b003:f320:95:7141:9873:20bb, 2603:6080:b003:f320:b48f:c00f:f94e:6048",CABARRUS\SKBRUCE
ANIMALTEST7210,10.8.63.56,CABARRUS\JHHENTZE
AVANT,10.2.2.235,"CABARRUS\TYLERSERVICE,CABARRUS\WAJOHNSON"
SHFMKANE,10.0.0.67,CABARRUS\MJKANE
VEEAM3,10.2.21.15,
DSSONCALL14,"10.8.51.21, 10.9.9.165",CABARRUS\DBGRASSO
DSSJMCDOWELL,"33.126.43.130, 2607:fb90:522e:6b96:4d72:2191:1ad2:99a4, 2607:fb90:522e:6b96:657e:6738:475b:c24c, 2607:fb90:522e:6b96:71b0:c37a:8ffe:a876",CABARRUS\JAMCDOWELL
IAMGARAGEPC,10.9.13.189,CABARRUS\JTCLONTZ
WEBTESTPHP,"10.9.25.80, 169.254.90.21","CABARRUS\LKKISSINGER,CABARRUS\MAMCINTYRE"
EMSEVENTBOX5,10.8.63.200,CABARRUS\EMS
CONLIBSTAFF-12,10.25.5.146,CABARRUS\JSRAZOR
EXELERO,10.2.2.215,EXELERO\ADMINISTRATOR
EMSKFRADY,192.168.142.181,CABARRUS\KFRADY
ITSBADGING,"10.9.9.232, 169.254.1.2","CABARRUS\QLSTROMAN,CABARRUS\KBTHOMAS"
HBLIBSTAFF-7,10.25.5.139,CABARRUS\TDCLARK
FHWEB2K8,10.2.24.14,CABARRUS\CBMORLEYDA
DSSMRYAN,"10.129.4.152, 10.129.4.236",CABARRUS\MRYAN
DHSCHALL,"10.129.4.53, 10.129.5.123",CABARRUS\CCHALL
LIBRECOOKE,"10.25.5.225, 10.25.6.139",CABARRUS\RECOOKE
LIBCONLAPSPARE1,172.30.223.177,CABARRUS\TRAIN01
PUBLICSAFETYSQL,10.2.2.32,CABARRUS\SRVSQL
TYE,10.2.2.90,"TYE\ADMINISTRATOR,CABARRUS\WAJOHNSON"
DSSJBENAVIDES,192.168.254.68,CABARRUS\JBENAVIDES
GOVNVR-4,10.9.21.150,CABARRUS\KBTHOMAS
PLANJLOWE,192.168.254.71,CABARRUS\JELOWE
DSSJSREID,"192.168.0.13, 2603:6080:b300:1e00::6, 2603:6080:b300:1e00:9495:3141:d4f7:c11b, 2603:6080:b300:1e00:e4f0:c867:b984:e28",CABARRUS\JSREID
DSSBCJOSEPH,10.129.5.21,CABARRUS\BCJOSEPH
SHFVRPOSTON,10.0.0.68,CABARRUS\VRPOSTON
DSSESDSTIREWALT,"10.129.4.44, 10.129.6.169",CABARRUS\KMSTIREWALT
EMS946B,10.0.0.112,CABARRUS\EMS51
SHFRECORDSPC9,10.10.15.53,CABARRUS\JKMCPHERSON
DSSSSTJOHN,"10.129.4.112, 10.129.4.253, 100.226.108.55, 2607:fb90:1bc2:b80f:617e:1cb3:bffa:d3d0, 2607:fb90:1bc2:b80f:781e:357a:1dc0:bb2f, 2607:fb90:1bc2:b80f:a8e6:e514:c92f:2079",CABARRUS\SSTJOHN
DSSRM511,10.129.6.137,CABARRUS\TKHILLIE
CONLIBSTAFF-8,10.25.6.145,CABARRUS\KAZOLL
DSSEBSWEENEY,"10.129.5.99, 100.225.191.25, 2607:fb90:5223:f501:c155:44a0:1cf0:c8e9, 2607:fb90:5223:f501:ccee:a08a:8e1e:63e3, 2607:fb90:5223:f501:e0eb:7aff:7213:bfba",CABARRUS\EBSWEENEY
SHFCCDIAL,10.10.16.183,CABARRUS\CCDIAL
SHFJAIL3BCLASS,10.11.95.10,CABARRUS\JAIL_CLASSROOM
ACCELA3,"10.2.2.192, 10.2.2.193",ACCELA3\ADMINISTRATOR
EMGTMYHOPKINS,10.9.11.215,CABARRUS\MYHOPKINS
TAXSMDIXON,"10.8.53.23, 10.9.3.174",CABARRUS\SMDIXON
NVR-MEDIA,10.2.21.100,
DSSVFLOPEZ,192.168.137.9,CABARRUS\VFLOPEZ
TRANPAWILLIAMS,10.129.6.152,CABARRUS\PAWILLIAMS
GOVNVR,10.9.21.15,CABARRUS\KBTHOMAS
FAIRLEVY,"10.8.8.191, 10.9.29.22",CABARRUS\JFLEVY
SHFLFRYE,10.0.0.58,CABARRUS\LDFRYE
PLANPMTAYLOR,10.9.4.148,CABARRUS\PMTAYLOR
FAIRKSHARPE,"10.8.8.190, 10.9.29.17",CABARRUS\KPSHARPE
DSSASCUBE16,10.129.4.154,CABARRUS\SECHUNN
DHSSPARE4,10.9.10.55,CABARRUS\DBGRASSO
FINFUNDERBURKE,192.168.254.69,CABARRUS\AKFUNDERBURKE
EMS940A,10.0.0.12,CABARRUS\EMS12
DSSEMCLAURIN,10.9.18.19,CABARRUS\EJMCLAURIN
HBLIBSTAFF-9,10.25.5.196,CABARRUS\GSCOOKE
EMS945B,10.0.0.48,CABARRUS\EMS51
CBA4,10.10.2.14,CABARRUS\SLBYRD
SHFNJJAMES,10.0.0.7,CABARRUS\NJJAMES
DSSESDHALTMAN,"10.129.5.39, 10.129.5.96",CABARRUS\HLALTMAN
SHFJAIL5B,10.10.15.144,"CABARRUS\JSBUNDY,CABARRUS\JJCABLE,CABARRUS\MLCROAKER"
NOVA,10.2.2.85,"CABARRUS\WAJOHNSON,CABARRUS\MLSAUNDERSDA"
SHFCID-10,10.10.16.162,CABARRUS\PJHUTCHINGS
DSSAWILLIAMS,"10.129.4.119, 10.129.4.148",CABARRUS\ASWILLIAMS
IAM-RLTURNER,10.8.51.16,CABARRUS\RLTURNER
EMS946A,10.0.0.119,CABARRUS\EMS81
SHFKLINGLESMITH,10.10.15.34,CABARRUS\KKLING
VEEAM4,10.2.21.21,
COTHPOWELL,"10.8.53.48, 10.9.18.29",CABARRUS\THPOWELL
LIBSTAFF-12,10.25.5.228,
KANLIBTRAIN10,10.25.5.201,CABARRUS\AMWHITE
EOCLAP1,10.8.63.65,CABARRUS\DDGUSTAFSON
ITSTRAINING9,192.168.1.185,CABARRUS\SMMORRIS
DSSLSCARVER,"10.129.4.111, 10.129.6.97",CABARRUS\LSCARVER
911INTERNET-15,10.10.16.56,CABARRUS\BLPORTER
DSSAEFIRD,"192.168.0.12, 2603:6080:c141:da00::9, 2603:6080:c141:da00:15a5:94f6:5a5d:9007, 2603:6080:c141:da00:886c:54e8:3ba5:7c17",CABARRUS\AAEFIRD
SHFLCANDREWS,10.9.10.57,CABARRUS\DBGRASSO
DSSCSTSHARPE,"10.129.6.154, 10.131.1.23",CABARRUS\TSHARPE
DSSTNORFORD,"10.129.5.54, 100.225.106.144, 2607:fb90:522f:28f9:d58:7f49:ad40:e77e, 2607:fb90:522f:28f9:2dae:dac1:7847:1ff9, 2607:fb90:522f:28f9:54ee:2440:2afd:9d97",CABARRUS\TMNORFORD
ALPPHGABRIEL,10.9.16.190,CABARRUS\PHGABRIEL
APOGEE2,10.9.29.121,APOGEE2\ARENAUSER
DSSDMCHRISTIAN,"10.129.5.26, 10.129.6.94",CABARRUS\DMCHRISTIAN
IAMSIGNSHOPPC1,10.9.13.153,CABARRUS\MJASH
CMLELINKER,"10.8.51.18, 10.9.10.151",CABARRUS\NDFANSLER
MTPLIBPC1,10.25.5.25,"CABARRUS\BTSHAVER,CABARRUS\SMBEAMON"
EMS954B,10.0.0.19,CABARRUS\EMS41
DSSSNEFF,"192.168.1.98, 2603:6080:ad04:3142::91a, 2603:6080:ad04:3142:8160:e919:b145:ac0c, 2603:6080:ad04:3142:b9ae:6f08:c9db:6391",CABARRUS\SNEFF
DSSDYUNDERWOOD,10.66.188.155,CABARRUS\DYUNDERWOOD
COOPOFFICE6,10.9.17.160,CABARRUS\RHGOODNIGHT
SHFRECORDSTAB,10.9.10.53,CABARRUS\DBGRASSO
DSSCNASH,"10.9.10.50, 100.226.181.164, 2607:fb90:1bcf:47cc:1139:22b1:9ff6:c4b9, 2607:fb90:1bcf:47cc:14cc:be4c:733c:d866, 2607:fb90:1bcf:47cc:4079:1a45:ea1b:9ba1","CABARRUS\CNASH,CABARRUS\ECTREVATHAN"
DSSALSHARPE,192.168.10.119,CABARRUS\ALSHARPE
LANDRECPUBLIC-1,10.25.9.190,LANDRECPUBLIC-1\KIOSKUSER0
ITSTRAINING5,10.8.53.63,CABARRUS\TRAIN01
IAM-JSSPEARS,10.8.63.23,CABARRUS\JSSPEARS
DSSESDLBUNCH,"10.129.4.240, 10.129.5.120",CABARRUS\LBUNCH
ITSSHANLEY,10.8.9.25,CABARRUS\ITS9
SHFASAMPLES,"10.8.63.207, 10.10.16.156",CABARRUS\AGSAMPLES
CONLIBSTAFF-19,10.25.5.220,
ALPKLPLUMMER,10.9.16.165,CABARRUS\KLPLUMMER
COOPEXTGENERAL,10.9.17.164,CABARRUS\CABARRUS4HINTERN
DSSCBRAZELTON,10.9.10.153,CABARRUS\ECTREVATHAN
GISWEB,"192.168.0.90, 192.168.10.90",CABARRUS\LRPATTERSON
LIBJSRAZOR,10.25.5.129,CABARRUS\JSRAZOR
TAXASRSCAN,10.9.6.220,CABARRUS\QLSTROMAN
DSSCMALTA,"10.129.6.162, 100.225.27.78, 2607:fb90:5238:235b:a530:bcc0:a0c8:4b85, 2607:fb90:5238:235b:cd62:bf72:f367:2b2b, 2607:fb90:5238:235b:dcc1:c056:9348:72d9",CABARRUS\CMALTBA
EMS943B,10.0.0.6,CABARRUS\EMS81
SHFVISITATION2,10.10.16.137,CABARRUS\RLAGEE
CBA19,10.10.15.78,
STEPHEN,10.2.2.233,CABARRUS\TYLERSERVICE
SHFTBCOLEY,10.10.15.106,CABARRUS\TBCOLEY
RODTMFISHER,10.8.53.26,CABARRUS\TMFISHER
COTELEPROMPTER,10.8.53.45,CABARRUS\JBGLASS
ALPPEDOWSE,"10.8.20.190, 10.9.16.189",CABARRUS\PEDOWSE
MARYSQUADSBPC,10.8.63.201,CABARRUS\SAROBERTS
EMS957B,10.0.0.16,CABARRUS\EMS22
NVR-1,"10.9.80.51, 169.254.65.92",CABARRUS\KBTHOMAS
KANLIBSMARTBD,10.9.10.151,KANLIBSMARTBD\DEFAULTUSER0
TAXLRECORDS8,10.9.6.237,CABARRUS\GDBELK
BOEOFFICE9,10.9.5.63,CABARRUS\SWSTORM
DSSAAKING,"10.129.5.127, 100.224.118.226, 2607:fb90:5221:6a46:4936:4a18:677:92bb, 2607:fb90:5221:6a46:cc55:4193:f64f:86d0, 2607:fb90:5221:6a46:fd25:449c:47b7:7471",CABARRUS\AAKING
SHFTRAINING4,10.8.63.26,CABARRUS\SSHODGES
MPLIBSTAFF-11,10.25.5.132,
DSSCGHOLLOWAY,172.23.145.46,CABARRUS\CGHOLLOWAY
DSSCGUEVARA,10.129.6.145,CABARRUS\CGUEVARA
DSSRM497V,10.129.5.103,CABARRUS\BMJACKSON
KANLIBPC3,10.25.5.17,CABARRUS\DASCHMITZER
LIBCONTRAIN1,10.25.6.126,CABARRUS\TRAIN01
BOEWANEWSOME,"10.8.6.193, 10.9.5.109",CABARRUS\WANEWSOME
CCSOACS,10.9.83.10,CABARRUS\KBTHOMAS
DSSTDMACRAE,10.129.6.133,CABARRUS\TDMACRAE
HBLIBSTAFF-6,10.25.5.104,CABARRUS\ARLYNCH
DSSMDHICKMAN,"10.16.100.225, 10.16.153.55",CABARRUS\MDHICKMAN
CONLIBSTAFF-10,10.25.5.136,CABARRUS\AESHAW
DSSMSTURGILL,"10.129.4.74, 10.129.4.143",CABARRUS\MDSTURGILL
DSSESDLKKELLER,"192.168.0.10, 2603:6080:c100:cc00::5, 2603:6080:c100:cc00:83e:3f9a:d509:44b3, 2603:6080:c100:cc00:6594:ae61:ae42:4be5",CABARRUS\LKKELLER
OSSI_SWITCH,"10.10.1.198, 192.168.171.2",CABARRUS\SRVOSSI
LIBDASCHMITZER,"10.25.5.166, 10.25.6.124",CABARRUS\DASCHMITZER
DSSARBURCH,"192.168.1.94, 2600:1700:2650:4400:505c:ba38:bfa0:7577, 2600:1700:2650:4400:6827:e68d:b897:9946",CABARRUS\ARBURCH
ITSMJONES,"192.168.42.128, 2001:5b0:50c2:72e8:8472:627:a91d:71b0, 2001:5b0:50c2:72e8:f5c1:b41b:c8:a9b9",CABARRUS\MAJONES
DSSJCALEXANDER,"10.129.5.88, 10.129.6.120",CABARRUS\JCALEXANDER
DSSMAJACKSON,10.129.4.163,CABARRUS\MAJACKSON
BIESBRANCH,"192.168.1.2, 2600:1004:b062:32be:4193:dcb1:c4e0:ac2d, 2600:1004:b062:32be:e0a5:35d4:2a56:1be5",CABARRUS\ESBRANCH
SHFRMCR404,10.10.16.173,CABARRUS\MJFISHER
DSSKCGARLAND,10.129.4.136,CABARRUS\KCGARLAND
LIBCYBER3,"10.9.10.66, 172.30.220.173",LIBCYBER3\CABCYBER
NVR-4,10.9.80.54,CABARRUS\KBTHOMAS
BROWNING,10.2.21.13,BROWNING\ADMINISTRATOR
DSSDLSTARKEY,"10.129.4.37, 10.129.6.84",CABARRUS\DLSTARKEY
BOEOFFICE6,10.9.5.106,CABARRUS\LAHOOPER
SHFBALMOND,"10.8.63.37, 10.10.15.100",CABARRUS\BAALMOND
CONLIBSTAFF-18,10.25.5.165,CABARRUS\IBBENFIELD
POWER,10.2.2.110,
EMSEVENTBOX7,10.8.63.64,CABARRUS\EMS
SHFSLOOP,10.0.0.87,CABARRUS\CESLOOP
DSSCAMERAPC,10.10.15.70,CABARRUS\JALEWIS
DSSRM307,10.129.4.37,CABARRUS\JKHOLDER
DSSRLLATTIMORE,"10.129.5.60, 10.129.6.166, 100.225.127.229, 2607:fb90:522b:b9b3:5cf3:1ea9:5e7d:58b, 2607:fb90:522b:b9b3:75d0:79c8:9a2d:d35d, 2607:fb90:522b:b9b3:b109:d005:2d8f:263",CABARRUS\RLLATTIMORE
DSSTGBOZEMAN,"10.129.5.2, 10.129.5.92",CABARRUS\TGBOZEMAN
ALPMAKABAT,10.9.16.159,CABARRUS\MAKABAT
CMJMARSHALL,"192.168.1.80, 2600:1700:25e2:6200::3e, 2600:1700:25e2:6200:dda7:ce4:ab64:f182, 2600:1700:25e2:6200:e090:1d98:f182:7fea",CABARRUS\JBMARSHALL
DSSAMANIRIHO,"10.129.4.82, 10.129.4.114",CABARRUS\AMANIRIHO
BOEONESTOP-3,10.8.6.29,CABARRUS\DBGRASSO
DSSGRIDDICK,"10.129.4.156, 10.129.6.151",CABARRUS\GDRIDDICK
SHFEAROBERTS,10.0.0.15,CABARRUS\EAROBERTS
FINATUCKER,192.168.254.66,CABARRUS\APTUCKER
SHFEKEENAN,10.0.0.90,CABARRUS\EMKEENAN
SHF-COMMUNITY,10.11.85.11,CABARRUS\BLBAKER
EMS938,10.0.0.15,CABARRUS\MED1
KANLIBPC5,10.25.5.19,CABARRUS\GCALDRIDGE
DSSCSAJSMITH,192.168.86.29,CABARRUS\AJSMITH
SHFRECORDSPC2,10.10.15.86,CABARRUS\RZSANTIAGO
ARENAKLROBINSON,10.9.29.12,CABARRUS\KLROBINSON
DSSAMSHUTTERS,10.129.6.191,CABARRUS\AMSHUTTERS
PLANSMARTBOARD,10.9.4.147,CABARRUS\PECOLLINS
DSSPCMARSHALL,"100.226.176.154, 2607:fb90:cac:496e:2ca2:5d31:59e4:27a9, 2607:fb90:cac:496e:88b1:7f50:1d31:9770, 2607:fb90:cac:496e:d57d:e5e6:ec96:60dd",CABARRUS\PCMARSHALL
DSSLMLARSEN,"10.129.4.179, 10.129.6.157",CABARRUS\LMLARSEN
ITSTPMCGHEE,10.8.9.22,CABARRUS\TPMCGHEE
EMGTJLEURY,192.168.142.74,CABARRUS\JLEURY2
SHFTRAFFIC54201,192.168.1.24,CABARRUS\GLCHRISTIE
DSSAAMARIN,"10.9.18.12, 10.129.6.148",CABARRUS\AAMARIN
PLAN-LCRUSE,10.9.4.65,CABARRUS\LCRUSE
FINPATTERSON,192.168.254.83,CABARRUS\RHPATTERSON
SQLTEST2014,10.9.25.200,"CABARRUS\WAJOHNSON,CABARRUS\SRVSQL"
DSSVLNICHOLS,10.129.6.149,CABARRUS\VLNICHOLS
SHFCIVILSQUADPC,10.10.15.180,CABARRUS\KMFONTANA
DSSASCLEAVES,"192.168.1.3, 2603:6080:ad40:2e::148b, 2603:6080:ad40:2e:c2d:b670:191e:8177, 2603:6080:ad40:2e:21e2:61ae:f067:8558",CABARRUS\ASCLEAVES
CMENEWKIRK,192.168.39.164,CABARRUS\EMNEWKIRK
EMS942B,10.0.0.6,CABARRUS\EMS12
SHFGWILLIAMS1,10.0.0.48,CABARRUS\GWILLIAMS
LIBAJDECKER,"10.25.5.163, 10.25.5.180",CABARRUS\AJDECKER
SHFCID-CTSMITH,"192.168.1.89, 2600:380:10fa:96ef:248e:9c3e:873b:7eb5, 2600:380:10fa:96ef:986a:8468:b088:4dd2",CABARRUS\CTSMITH
SHFLPECK,10.0.0.6,CABARRUS\LBPECK
ARENAHACORNELL,10.9.29.21,CABARRUS\HACORNELL
LIBAAWILSON,10.25.5.150,CABARRUS\AAWILSON
ITSBRANNAN,10.8.9.195,CABARRUS\JHHENTZE
DSSMBLOVE,"10.129.4.116, 100.227.203.178, 2607:fb90:1bcd:a3d7:4978:e09a:2928:4072, 2607:fb90:1bcd:a3d7:94b9:a77d:6738:497b, 2607:fb90:1bcd:a3d7:b954:9296:b953:a14f",CABARRUS\MBLOVE
CONLIBSTAFF-4,10.25.6.120,CABARRUS\CRLYTAL
DSSJCOSME,10.129.5.181,CABARRUS\JCOSME
DHSSHERIFF,10.10.16.161,CABARRUS\JALEWIS
DSSCRREEDER,"10.129.4.123, 10.129.5.72",CABARRUS\CRREEDER
ITSDBAVM,10.2.21.19,CABARRUS\WAJOHNSON
CIDADMINASST,10.10.15.36,CABARRUS\CDWALKER
KANLIBPC4,10.25.5.18,CABARRUS\AMWHITE
DELETEME-BASE,10.9.10.53,DELETEME-BASE\DEFAULTUSER0
ITSMLSAUNDERS,"10.8.51.10, 10.9.9.225",CABARRUS\MLSAUNDERS
BOEONESTOP-27,"10.8.6.26, 169.254.145.241","CABARRUS\CJEDWARDS,CABARRUS\DBGRASSO"
BOESMARTBOARDPC,10.9.9.152,CABARRUS\TRAIN01
SHFSHIFTSUPPC,10.10.15.114,"CABARRUS\MDANDERSON,CABARRUS\BSBAKER"
SHFPJKELNHOFER,10.8.63.51,CABARRUS\PJKELNHOFER
EOCACCOUNTLAP,10.8.53.59,CABARRUS\LELINKER
HRINTERN,10.9.18.206,CABARRUS\LPHUNTLEY
IAMBAHORNE,192.168.142.14,CABARRUS\BAHORNE
DSSMCHICAS,10.129.6.170,CABARRUS\MGCHICAS
DHSFKERSEY,10.129.5.50,CABARRUS\TMSTURGILL
EMSBLFOUTZ,10.8.18.11,CABARRUS\BLFOUTZ
DSSTJWILSON,"192.168.1.235, 2603:6080:ee0a:fed4::1854, 2603:6080:ee0a:fed4:5073:c96f:5318:e04a, 2603:6080:ee0a:fed4:f541:a24c:86c9:6672",CABARRUS\TJWILSON
DSSJLAMBERTH,"10.129.4.247, 10.129.4.249",CABARRUS\JALAMBERTH
SHFTSBURKE,"192.168.1.4, 2600:380:109b:9dab:8939:c020:50a1:822d, 2600:380:109b:9dab:b0a9:9c01:984b:deeb",CABARRUS\TSBURKE
ITSMCINTYRE,"169.254.127.27, 192.168.0.12",CABARRUS\MAMCINTYRE
IAMCMORRISONPC,"10.8.14.20, 10.9.13.151",CABARRUS\JCMORRISON
SHFNNESBITT,"192.168.1.20, 2600:1004:b058:4930:3d47:d9f0:dca:17b8, 2600:1004:b058:4930:68dd:809a:9f4b:7b9f",CABARRUS\NWNESBITT
COOPPCOUTEN,"10.8.4.14, 10.9.17.153",CABARRUS\PCOUTEN
ITSEVENT8,10.8.53.197,CABARRUS\TRAIN01
SHFDMSTUBBS,10.0.0.83,CABARRUS\DMSTUBBS
CMTNUNN,10.9.18.22,CABARRUS\TCNUNN
LIBSJMEESEREE,"10.25.5.182, 2600:1700:28b2:3010::c",CABARRUS\JMRIPLEY
IAM-RSBROWN,"10.8.14.22, 10.9.13.167",CABARRUS\RSBROWN
WEIGHSTATIONPC,10.9.13.164,"CABARRUS\BLMIKESKA,CABARRUS\JRCORBETT"
KANLIBSTAFF-8,10.25.5.147,CABARRUS\JNREIMER
CMJBISCHER,"192.168.1.56, 2603:6080:ad05:75e7::1d13, 2603:6080:ad05:75e7:9a7:88d8:4f2:48d4, 2603:6080:ad05:75e7:d9fb:18a8:252:a864",CABARRUS\JBISCHER
WEBTEST,"192.168.0.33, 192.168.0.34","CABARRUS\BITEK,WEBTEST\ADMINISTRATOR"
SHF-JAILLT,10.9.10.58,CABARRUS\ECTREVATHAN
NACSTESTLAP,"10.8.9.21, 169.254.21.145",CABARRUS\JKHOLDER
ALPVETPARKLAP,192.168.1.3,"CABARRUS\MACOCHRAN,CABARRUS\TRAIN01"
CAYMEN,10.2.2.105,CABARRUS\WAJOHNSON
CMLLINKER,10.9.18.31,CABARRUS\LELINKER
LFWORKFLOW,10.2.2.80,"CABARRUS\JRCOOKDA,CABARRUS\MAMCINTYRE"
DSSLGMULLIS,10.129.6.105,CABARRUS\LCHONEYCUTT
DSSCWDVSEGAR,192.168.86.227,CABARRUS\VSBRITTON
SHFJAILCLASSFCN,10.10.15.11,CABARRUS\PRNORRIS
FAIRCOUNT2,10.30.5.1,"FAIRCOUNT2\FAIR,CABARRUS\ECTREVATHAN"
911INTERNET-23,10.10.16.136,CABARRUS\WPWALTERS
TAXADMINGREETER,10.9.6.205,
BIRDUNN,"192.168.1.2, 2600:1004:b095:31aa:297e:83f2:f174:776e, 2600:1004:b095:31aa:39be:3889:7632:4acd",CABARRUS\RNDUNN
SHFRNCRAYTON,10.0.0.18,CABARRUS\RNCRAYTON
KANLIBSTAFF-17,10.25.5.167,CABARRUS\MDMETZ
WAGNER,"10.2.2.44, 10.2.2.46, 10.2.21.3, 10.2.21.24","CABARRUS\CBMORLEYDA,CABARRUS\JRCOOKDA"
DSSAMCAMPBELL,"192.168.1.45, 2603:6080:af03:c2e:1d6f:e023:730b:9879, 2603:6080:af03:c2e:49fc:ed8:4170:4330",CABARRUS\AMCAMPBELL
RODFRONT,10.9.3.184,CABARRUS\MWNIXON
COKDBILAFER,10.9.13.190,CABARRUS\KDBILAFER
BIBSTROUTMAN,"192.168.1.3, 2600:1004:b083:c733:cc6a:39d9:4fba:a2ff, 2600:1004:b083:c733:d14a:76c5:bb90:83c5",CABARRUS\BSTROUTMAN
LIBHBPC2,10.25.5.12,CABARRUS\LAJOLLY
CPDNCAWAREPC,10.10.16.177,
DSSCWDSBREESE,"10.129.4.40, 10.129.6.92",CABARRUS\SBREESE
FLPOFFICEPC2,10.9.16.157,CABARRUS\VJKOTLARZ
BOEONESTOP-28,10.9.10.78,CABARRUS\CJEDWARDS
ITSHDTV,10.9.9.169,CABARRUS\TRAIN01
DSSKHINEBAUGH,192.168.86.30,CABARRUS\KPHINEBAUGH
EMSTRAIN3,10.8.63.49,CABARRUS\CNMURILLO
EMS947B,10.0.0.12,CABARRUS\EMS71
911INTERNET-11,10.10.16.49,CABARRUS\TDFORTSON
DSSDOMANN,"10.129.4.200, 10.129.5.28",CABARRUS\SVDOMANN
DSSCWDKAJOHNSON,10.129.4.47,CABARRUS\KAJOHNSON
WEBTEST2012,10.9.255.25,CABARRUS\LRPATTERSON
DSSFDWILLIAMS,"10.129.5.18, 10.129.6.171, 100.227.26.90, 2607:fb90:1bcc:21b6:64b5:dc74:63f2:d248, 2607:fb90:1bcc:21b6:980e:851a:5089:a50c, 2607:fb90:1bcc:21b6:fc3f:ea21:f90a:4cb1",CABARRUS\FDWILLIAMS
BOEONESTOP-15,10.9.10.66,CABARRUS\CJEDWARDS
CONLIBLORERMPC,10.25.5.200,CABARRUS\DMMCLAIN
CODACLARK,10.9.18.184,CABARRUS\DACLARK
LIBCYBER4,"10.9.10.150, 172.30.220.73",LIBCYBER4\CABCYBER
SHFTRAFFIC54202,10.0.0.92,CABARRUS\BJOYNER4587
SHFCHOOKS,10.0.0.55,CABARRUS\CDHOOKS
DSSSMRLAIL,"10.129.6.192, 100.225.209.43, 2607:fb90:5238:7b87:5066:9c2:2443:868, 2607:fb90:5238:7b87:9d80:545e:ea92:120e, 2607:fb90:5238:7b87:cdd6:8266:26e1:af9",CABARRUS\MRLAIL
DSSCSPAGILLELAN,"10.129.5.0, 10.129.6.189",CABARRUS\PAGILLELAND
SHFJBAILEY,10.8.63.59,CABARRUS\JNBAILEY
LIBCONTRAIN3,10.25.5.214,CABARRUS\TRAIN01
SHFPENNINGTON,10.0.0.6,CABARRUS\ASPENNINGTON
SHFJAIL3A,10.10.15.126,CABARRUS\CSJONES
PLANPECOLLINS,10.9.6.201,CABARRUS\PECOLLINS
DSSMLALLGYER,10.129.4.187,CABARRUS\MLALLGYER
SHFPREBOOK2,10.10.15.17,CABARRUS\DBKENNARD
DSSONCALL32,10.9.10.154,CABARRUS\DBGRASSO
DSSONCALL33,10.129.4.245,CABARRUS\DABLACK
BOCWORKROOMPC,10.9.3.190,CABARRUS\CJEDWARDS
FLPIRRIGATION,10.2.21.29,CABARRUS\IRRIGATION
SHFADMINSUITEPC,10.8.63.13,"CABARRUS\ECTREVATHAN,CABARRUS\TPMCGHEE"
SHFJPFETZER,10.10.15.122,CABARRUS\JPFETZER
ITSTRAINING3,10.8.53.40,"CABARRUS\ECTREVATHAN,CABARRUS\TRAIN01,CABARRUS\TJMCINTYRE"
DSSDLSELBY,"192.168.1.166, 2603:6080:2802:32d3::1dda, 2603:6080:2802:32d3:691a:16f1:6cc:6bb2, 2603:6080:2802:32d3:99a0:a4de:ecc8:cd96",CABARRUS\DLSELBY
RODBJWILLIAMSON,192.168.254.75,CABARRUS\BJWILLIAMSON
ALPJMCOFFMAN,192.168.1.10,CABARRUS\JMCOFFMAN
LIBAPDURITZA,10.25.5.130,CABARRUS\APDURITZA
DSSRM116,10.129.5.45,"CABARRUS\KQJONES,CABARRUS\JARETA"
SHFJAIL1BCLASS,10.11.91.11,CABARRUS\JAIL_CLASSROOM
TAXBMSOBKOWIAK,"192.168.1.249, 2603:6080:c001:1a93::13a6, 2603:6080:c001:1a93:65ef:a523:9962:e338, 2603:6080:c001:1a93:c44b:7bfa:8d7c:69cd",CABARRUS\BMSOBKOWIAK
RODMKLILLY,"10.8.53.40, 10.9.3.162",CABARRUS\MKLILLY
CONLIBSTAFF-3,10.25.5.128,CABARRUS\GADAMS
TAXLRECORDS6,10.9.6.235,TAXLRECORDS6\PUBLIC
COOPMHALL,"10.8.4.11, 10.9.17.154",CABARRUS\MHALL
DSSKLMONACO,"10.129.4.55, 10.129.4.62",CABARRUS\KLMONACO
ITSCONFERENCEPC,10.8.9.13,CABARRUS\ECTREVATHAN
VETLAPJDRISKER,10.8.6.10,CABARRUS\JADRISKER
ARBITRATOR,10.10.10.30,CABARRUS\JRCOOKDA
2FA,10.2.21.23,"2FA\ADMINISTRATOR,CABARRUS\JADODD"
KANLIBTRAIN9,10.25.5.223,CABARRUS\AJREYES
DSSCSLKBARNES,"10.129.4.165, 10.131.1.28",CABARRUS\LKBARNES
EMSEVENTBOX6,172.30.221.31,CABARRUS\EMS
SHFVSHAW,10.10.15.79,CABARRUS\VWSHAW
ARENALCLIVESAY,"10.9.29.11, 10.30.4.11",CABARRUS\LCLIVESAY
KANLIBSTAFF-3,10.25.6.136,CABARRUS\GCALDRIDGE
DSSASDTABARE,"192.168.98.162, 2600:1004:b0e1:bda7:31ea:214a:de88:d968, 2600:1004:b0e1:bda7:bc8f:369d:6e1b:c9e4",CABARRUS\TABARE
RODMWNIXON,"10.8.53.15, 10.9.3.164",CABARRUS\MWNIXON
DSSRM571,10.129.5.35,CABARRUS\VEJOHNSON
SHFBMCCLELLEN,192.168.254.84,CABARRUS\BAMCCLELLEN
NETMOTIONGC,"169.254.239.91, 192.168.0.28","CABARRUS\JRCOOKDA,NETMOTIONGC\ADMINISTRATOR"
LIBSTAFF-19,10.25.5.164,CABARRUS\DNINNEMAN
DSSSLMORRIS,"10.129.4.43, 10.129.6.153",CABARRUS\SLMORRIS
DSSMOSULLIVAN,"10.129.4.168, 10.129.6.155",CABARRUS\MDOSULLIVAN
SHFJAIL1B,10.10.15.84,"CABARRUS\JEDRY,CABARRUS\DSANTIAGO"
JAILP404,10.10.15.81,CABARRUS\JAIL_VOLUNTEER
ITSJKHOLDER,172.30.223.156,CABARRUS\JKHOLDER
DHSMEETINGLAP-4,10.129.6.93,CABARRUS\TRAIN01
ARENASAGE50,10.2.21.2,"CABARRUS\BKCLEM,CABARRUS\LSCOLEY"
KANLIBSTAFF-18,10.25.5.224,CABARRUS\RJMULLINS
IAMNLLAMBERT,10.8.14.23,CABARRUS\NLLAMBERT
SHFMLHODGES,10.11.85.10,CABARRUS\MLHODGES
911INTERNET-9,10.10.16.48,CABARRUS\KLSTARNES
EMGTJTHOMPSON,10.9.11.207,CABARRUS\JATHOMPSON
SHFVIDEOREVIEW,10.10.16.60,CABARRUS\KBHARRISON
BOEONESTOP-12,10.8.6.22,CABARRUS\SDUNEVANT
DSSCJSTUTZMAN,"100.227.17.29, 192.168.254.66, 2607:fb90:cab:9895:50e:bdda:29e8:6841, 2607:fb90:cab:9895:4c96:b374:1691:7b93, 2607:fb90:cab:9895:e949:4236:7f6:314f",CABARRUS\CJSTUTZMAN
LIBSTAFF-27,10.129.5.171,CABARRUS\AAWILKERSON
VISITATIONFD,10.10.15.51,CABARRUS\ALSHOWMAR
ITSEVENT11,10.8.53.54,CABARRUS\TRAIN01
IAMHHWPC,10.9.13.194,CABARRUS\SGMOOSE
COOPER,10.2.2.50,COOPER\ADMINISTRATOR
TAXJPALDRIDGE,172.20.2.7,CABARRUS\JPALDRIDGE
SHFTDBURCHETT,"10.8.63.194, 10.10.15.48",CABARRUS\TDBURCHETT
SHFCID-NASHUE,10.10.16.157,CABARRUS\NASHUE
LIBCONTRAIN5,10.25.5.142,CABARRUS\TRAIN01
GCMAILROOMPC2,10.9.13.171,CABARRUS\TLWILLIAMS
SHFTDARTHUR,10.0.0.100,CABARRUS\TDARTHUR
ALPCONCORDFD2,10.9.16.172,CABARRUS\KMHEIDT
TAXNHELMS,"192.168.220.142, 2603:6080:c001:8bc4:41f3:f417:8514:1012, 2603:6080:c001:8bc4:d546:3364:6602:a11d",CABARRUS\NKHELMS
ITSACCTEMP,10.9.4.150,ITSACCTEMP\ACCUSER
KANLIBPC1,10.25.5.15,CABARRUS\CLVARNADORE
DSSONCALL25,"10.129.4.100, 10.129.6.126",CABARRUS\DEMONETTE
DELETEME-EMS,10.9.10.142,DELETEME-EMS\DEFAULTUSER0
GOVNVR3,10.9.21.55,CABARRUS\KBTHOMAS
EMS943A,10.0.0.11,CABARRUS\EMS81
SCCM2016,"10.2.2.34, 169.254.146.234",CABARRUS\SRVSQL
ITSEVENT4,10.8.53.55,CABARRUS\TRAIN01
DSSASCUBE8,10.129.6.185,CABARRUS\SMMATOS
SHFOJGRIMES,10.10.16.154,CABARRUS\OJGRIMES
LIBDMDEMARCO,"10.25.5.106, 10.25.5.170",CABARRUS\DMDEMARCO
ITSNDITEST,10.9.9.161,CABARRUS\JADODD
IAMSIGNSHOPPC2,10.9.13.183,CABARRUS\JWDRYE
SHELBY,10.2.2.222,"CABARRUS\MLSAUNDERS,CABARRUS\WAJOHNSON"
EOCLAP7,10.9.10.72,CABARRUS\TAOSTRANDER
TAXJHHOLLIS,"10.8.53.47, 10.9.3.173",CABARRUS\JHHOLLIS
VETLAPJSMORTON,"10.8.6.13, 10.9.5.70",CABARRUS\JSMORTON
DSSASCUBE12,10.129.5.198,CABARRUS\DGMORTON
EDISON,10.2.2.115,"CABARRUS\TYLERSERVICE,CABARRUS\CBMORLEYDA"
LIBCEREALE,"10.25.5.140, 10.25.5.203",CABARRUS\CEREALE
DSSANANCE,192.168.4.72,CABARRUS\ANANCE
SHFRRODRIGUEZ,"10.8.51.195, 10.9.9.226",CABARRUS\JADODD
SHFJCRHINEHARDT,10.10.15.89,CABARRUS\JCRHINEHARDT
DSSSWITCH4,10.129.5.105,
DSSRBLACKMON1,"192.168.1.165, 2603:6080:c005:943::1463, 2603:6080:c005:943:5c1c:7784:857b:e3ab, 2603:6080:c005:943:f1f6:3f2d:b8e7:eb17",CABARRUS\RBLACKMON
BOEONESTOP-17,10.8.6.20,CABARRUS\SDUNEVANT
DHSSPARE3,10.9.10.56,CABARRUS\DBGRASSO
SHFRAPROVOST,10.10.15.5,CABARRUS\RAPROVOST
SHFELLINGTON,192.168.86.241,CABARRUS\AHELLINGTON
IAMJLMACKEY,10.8.14.18,CABARRUS\JLMACKEY
DSSCSLDDAVIS,10.131.1.32,CABARRUS\LDDAVIS
SHFBSSTANCIL,10.8.63.53,CABARRUS\BSSTANCIL
EMSSPARE3,10.8.51.29,CABARRUS\TRAIN01
DSSDRBATTLE,10.129.4.176,CABARRUS\DRBATTLE
DSSASLOOP,192.168.86.249,CABARRUS\ASLOOP
SHFADTHOUSAND,"192.168.1.66, 2600:380:10b9:283a:251d:76f1:e6e6:d304, 2600:380:10b9:283a:ec2b:5849:c118:9004",CABARRUS\ADTHOUSAND
BOEONESTOP-19,10.8.6.192,CABARRUS\DBGRASSO
EMSKEBROWN,"10.8.18.13, 10.9.22.13",CABARRUS\KEBROWN
SHFCID-TROUTMAN,"10.8.63.18, 10.10.15.32",CABARRUS\KTROUTMAN
CSAEUDY,"10.8.14.13, 10.9.13.158",CABARRUS\ALEUDY
ALPMJDORSEY,"10.8.8.10, 10.9.16.191",CABARRUS\MJDORSEY
VETLAPLHINSON,"10.8.6.192, 10.9.5.53",CABARRUS\LBHINSON
SHFRMJA505,10.10.15.46,CABARRUS\DBANTHONY
SHFAEBEEKER,"192.168.1.64, 2603:6081:2d46:ed30::1960, 2603:6081:2d46:ed30:60cd:b049:de25:ef6e, 2603:6081:2d46:ed30:e03c:13f7:f088:ec1e",CABARRUS\AEBEEKER
MPLIBTRAIN4,192.168.1.12,CABARRUS\JMVANSOEST
SHFJAILSECPC-2,10.10.16.168,"CABARRUS\MRPAYSOUR,CABARRUS\JYANG,CABARRUS\JSCOOPER"
BINABURLESON,"192.168.1.3, 2600:1004:b090:6f8e:4c6d:a5b4:e3ec:b551, 2600:1004:b090:6f8e:d89d:312:e678:77dc",CABARRUS\NABURLESON
CONLIBSTAFF-1,10.25.5.116,CABARRUS\KMMORRIS
DSSADSOTO,"100.227.118.33, 2607:fb90:caf:5733:248b:38b:6706:b28b, 2607:fb90:caf:5733:b97d:64ad:2e5e:c5af, 2607:fb90:caf:5733:e484:ed29:155:15c4",CABARRUS\ADSOTO
BOEFRONT2,10.9.5.110,CABARRUS\CLSOLES
DSSYGATEWOOD,10.129.6.136,CABARRUS\YMGATEWOOD
ITSCONFERENCE2,"10.8.9.192, 169.254.222.9",CABARRUS\DBGRASSO
CMCCBROWN,192.168.1.10,CABARRUS\CBROWN
ALPSTVPC,10.9.16.174,CABARRUS\TRAIN01
LIBCYBER6,"10.9.10.64, 172.30.221.83",LIBCYBER6\CABCYBER
CONLIBSTAFF-15,10.25.5.148,CABARRUS\JLRANDOLPH
CBA13,10.10.2.23,
BILAPMMLOVE,"192.168.1.2, 2600:1004:b204:54fb:948:b000:9d5a:2234, 2600:1004:b204:54fb:9c52:d08:661e:5c7e",CABARRUS\TMLOVE
TAXALLOPEZ,"10.8.53.19, 10.9.3.192",CABARRUS\ALLOPEZ
COOPTLECOMPTE,"10.8.4.190, 10.9.17.151",CABARRUS\TLECOMPTE
IAMKMOOSMANN,"10.8.14.191, 10.9.13.160",CABARRUS\KPMOOSMANN
EASTWOOD,10.2.2.172,CABARRUS\WAJOHNSON
DSSASCUBE5,10.129.6.107,CABARRUS\JDMCLEAN
OSSI_RMS,10.10.1.197,CABARRUS\SRVOSSI
EMS944B,10.0.0.21,CABARRUS\EMS12
SHFDBOWERS,"192.168.1.78, 2600:380:109d:9120:e9a2:efb:41da:7efc, 2600:380:109d:9120:e9b7:bead:42d:12ab",CABARRUS\DCBOWERS
LIBMIDLANDPC1,10.25.5.125,CABARRUS\SAWILLIAMS
SHFAAYSCUE,10.0.0.6,CABARRUS\ABAYSCUE
IAM-KPGRANT,10.8.14.12,CABARRUS\KPGRANT
DSSSLPRICE,"10.129.4.134, 10.129.6.96",CABARRUS\SLPRICE
REVALFDPC3,10.9.6.200,CABARRUS\BOVERCASH
JOE,10.2.21.26,
LIBCFOVERCASH,10.25.6.155,CABARRUS\CFOVERCASH
CONLIBPC4,10.25.5.23,CABARRUS\CRLYTAL
GOVNVR2,"10.9.21.10, 169.254.119.162",CABARRUS\KBTHOMAS
911INTERNET-25,10.10.15.85,CABARRUS\CHWILLIAMS
DSSMLROBINSON,10.129.4.217,CABARRUS\MLROBINSON
SHFMTWIGGER,"192.168.1.21, 2600:380:10dd:35b1:54a2:9f42:8ca3:5ce9, 2600:380:10dd:35b1:6d33:bad1:847c:5332",CABARRUS\MRTWIGGER
TAXRSDABBS,"10.8.53.12, 10.9.6.204",CABARRUS\RSDABBS
SCCM2016-WDS,10.9.10.200,"CABARRUS\SRVSQL,CABARRUS\JADODD"
BILAPTACULP,"10.8.53.206, 10.9.4.57",CABARRUS\TACULP
SHFSAUSTIN,10.0.0.6,CABARRUS\SCAUSTIN
SHFRMOSS,10.0.0.54,CABARRUS\RGMOSS
DSSRM137V,10.129.6.159,CABARRUS\DFSHEPPARD
DSSMAWEBSTER,10.129.6.104,CABARRUS\MAWEBSTER
LIBSTAFF-33,10.25.5.172,
EMS945A,10.0.0.31,CABARRUS\EMS51
PLANKMBOLTON,10.9.4.53,CABARRUS\KMBOLTON
BOEONESTOP-1,10.8.6.190,CABARRUS\CJEDWARDS
SHFASHACKELFORD,"10.8.63.32, 10.10.15.63",CABARRUS\AKSHACKELFORD
SHFPREBOOK1,10.10.15.166,"CABARRUS\JSCOOPER,CABARRUS\JSTORRES,CABARRUS\SRBICKEL,CABARRUS\MRPAYSOUR"
DSSHKLUDVIG,"100.225.184.12, 2607:fb90:5229:80da:4950:c292:9654:e4f1, 2607:fb90:5229:80da:818a:7b48:aee2:2c4, 2607:fb90:5229:80da:e145:7442:5226:a3f7",CABARRUS\HKLUDVIG
ENVISION,192.168.223.25,CABARRUS\ENVISION
SWCBASS,"10.8.4.10, 169.254.193.73",CABARRUS\CCBASS
911INTERNET-10,10.10.16.51,CABARRUS\KASLOOP
EMSSPARE1,10.8.51.186,CABARRUS\ECTREVATHAN
PUCCINI,"10.2.1.121, 10.2.2.24, 10.2.2.51, 10.2.2.121",PUCCINI\ADMINISTRATOR
VETTMILLER,"10.8.6.190, 10.9.5.112",CABARRUS\TRMILLER
SHFMJGIBBONS,10.0.0.17,CABARRUS\MJGIBBONS
DSSESDERDAVIS,10.129.6.130,CABARRUS\ERDAVIS
DSSTDROGERS,172.23.181.109,CABARRUS\TDROGERS
DSSNRTAYLOR,"10.129.5.54, 100.225.96.94, 2607:fb90:523d:ac0:51e4:7406:37e5:74c, 2607:fb90:523d:ac0:8950:898:5408:fc00, 2607:fb90:523d:ac0:c111:b24f:12b2:d1c",CABARRUS\NRTAYLOR
SHFTRAINROOMPC,10.10.15.142,CABARRUS\JCROMINGER
ITSEVENT7,10.8.51.196,"CABARRUS\JHHENTZE,CABARRUS\TRAIN01"
DSSLIGHTDUTY1,"10.129.5.45, 10.129.6.175",CABARRUS\JDMENSTER
SHFJAILVISIT,10.9.10.55,SHFJAILVISIT\DEFAULTUSER0
BOEONESTOP-35,10.8.6.23,CABARRUS\SDUNEVANT
SHFJGATLIN,"192.168.1.90, 2600:380:10b7:3bb9:6594:e652:833e:f35, 2600:380:10b7:3bb9:c46d:2611:77f:a317",CABARRUS\JRGATLING
DSSERAP1,10.129.5.81,CABARRUS\TGBOZEMAN
911INTERNET-17,10.10.16.23,CABARRUS\BAARROWOOD
SHFEVIDENCERM,10.10.15.242,CABARRUS\RNCRAYTON
SHFDANGERFIELD,10.0.0.74,CABARRUS\RJDANGERFIELD
SHFELLIOTT,10.0.0.6,CABARRUS\MELLIOTT8483
HBLIBTRAIN2,10.25.6.133,CABARRUS\TRAIN01
IAMEVALLAPTOP,10.8.12.190,CABARRUS\CMMONTOYA
SONICLEAR,10.8.53.66,CABARRUS\LELINKER
SHFWMCGUIRE,10.8.63.74,CABARRUS\DBGRASSO
TAXJMMCCLANAHAN,"10.8.53.27, 10.9.6.194",CABARRUS\JMMCCLANAHAN
DSSJCAUTHEN,10.9.10.58,CABARRUS\DBGRASSO
TAXDISENHOUR,"192.168.1.196, 2603:6080:c102:e692:0:9db3:de04:63b9, 2603:6080:c102:e692:84c:2d75:4ce0:2ac0, 2603:6080:c102:e692:a544:621c:adf7:78bb",CABARRUS\DCISENHOUR
KANLIBSIGNAGE,10.25.5.193,KANLIBSIGNAGE\DEFAULTUSER0
ALPJDPOOLE,"10.8.8.14, 10.9.16.156",CABARRUS\JDPOOLE
ITSNETENGDESK,"10.9.9.156, 169.254.246.193",CABARRUS\CDHENDRIX
SHFAKELLEY,10.0.0.63,CABARRUS\AJKELLEY
TRANDRIVERPC1,10.9.12.154,CABARRUS\TCCARROLL
DSSYFMILLAN,"10.9.18.15, 10.129.5.16",CABARRUS\YFMILLAN
VIDEOEDIT1,10.9.18.99,CABARRUS\STGROSSMAN
DSSLPCHBURG,192.168.0.34,DSSLPCHBURG\CABARRUSLPC
SHFDBKENNARD,10.0.0.6,CABARRUS\DBKENNARD
CBA8,"10.10.2.68, 169.254.93.48",CABARRUS\RWALKIRE
DHSSWITCH2,10.129.5.45,
911TMCGHEE,10.10.15.232,CABARRUS\TPMCGHEE
911INTERNET-20,10.10.16.59,CABARRUS\AHRITCHIE
SHFDWTAYLOR,10.10.16.147,CABARRUS\DWTAYLOR
DSSESDKMRUSS,"10.9.18.14, 10.129.4.64",CABARRUS\KMRUSS
EMSKMTEDDER,10.8.18.13,CABARRUS\KMTEDDER
HRPJMCNAIR,"192.168.0.3, 2603:6080:bf40:e200::4, 2603:6080:bf40:e200:1543:ac47:5b34:ff36, 2603:6080:bf40:e200:8404:e292:c6fd:ef4b",CABARRUS\PJMCNAIR
DSSCSSDILLON,"10.129.4.77, 10.131.1.26",CABARRUS\SYDILLON
BILAPDHDRAKE,10.9.10.150,CABARRUS\DHDRAKE
IAMRWPOPE,10.8.63.55,CABARRUS\RWPOPE
DSSMSOUSA,"10.129.4.251, 10.129.6.146",CABARRUS\MLSOUSA
TAXJRNORRIS,10.8.53.59,CABARRUS\JRNORRIS
DSSDMGRIDLEY2,10.9.10.56,CABARRUS\DBGRASSO
BRAHMS,192.168.223.200,"CABARRUS\RLTURNER,CABARRUS\KDBILAFER,CABARRUS\JDKELLER"
SHFJMOREAU,"10.8.63.69, 10.11.85.14",CABARRUS\JMOREAU
DSSCSKCBATALHA,10.131.1.117,CABARRUS\KCBATALHA
BOEONESTOP-4,10.8.6.16,CABARRUS\SDUNEVANT
TRANRWBUSHEY,"10.129.4.155, 10.129.5.64",CABARRUS\RWBUSHEY
RODABALMOND,10.9.3.169,CABARRUS\ABALMOND
BOEONESTOP-29,10.8.6.19,CABARRUS\SDUNEVANT
DSSRTALAN,192.168.1.190,CABARRUS\RTALAN
CBA6,10.10.2.16,CABARRUS\SLBYRD
DSSCCROBINSON,"100.224.174.112, 2607:fb90:523f:13c:892:a697:d367:f74d, 2607:fb90:523f:13c:8587:da38:3ad3:5ea2, 2607:fb90:523f:13c:dcb0:ffe8:337e:43a3",CABARRUS\CCROBINSON
ITSSPARE24,10.9.18.33,CABARRUS\BHHOOKS
SHFJARAMIREZ,"192.168.0.7, 2603:6080:ae02:800::1, 2603:6080:ae02:800:253b:ef78:ceb9:7145, 2603:6080:ae02:800:d0fd:cecc:b7f7:2e29",CABARRUS\JARAMIREZ
DHSMONITORS,10.129.5.56,DHSMONITORS\DHS
DSSMRLAIL,10.129.5.19,CABARRUS\MRLAIL
COURTROOM1PC,10.10.16.141,"COURTROOM1PC\COURT,CABARRUS\CABARRUSDEFENSE"
BOEONESTOP-6,10.9.10.72,CABARRUS\DBGRASSO
ITSELECTION,10.9.10.52,ITSELECTION\ITS
BOEONESTOP-7,10.9.10.64,"CABARRUS\CJEDWARDS,CABARRUS\DBGRASSO"
LIBCYBER2,"10.9.10.67, 172.30.222.229",LIBCYBER2\CABCYBER
CBA2,10.10.2.12,CABARRUS\JABOSWELL
DSSESDRODRIGUEZ,"10.129.5.197, 10.129.6.85",CABARRUS\JURODRIGUEZ
IAMMJTARDUGNO,"10.8.14.15, 10.9.13.165",CABARRUS\MJTARDUGNO
PALOUA,"10.2.1.69, 169.254.130.72",CABARRUS\PALO
TEST_SQL,"10.9.255.20, 169.254.58.148",CABARRUS\MLSAUNDERS
CMRIKHATRI,192.168.4.149,CABARRUS\RIKHATRI
DHSVSOTO,"10.129.4.63, 10.129.6.116",CABARRUS\VWSOTO
DSSAHMOORE1,192.168.254.76,CABARRUS\AHMOORE
ALPGPBRINDELL,10.9.16.158,CABARRUS\GPBRINDELL
EMS953A,"10.0.0.10, 10.0.0.15",CABARRUS\EMS31
DSSMLOVE,"10.129.6.166, 100.226.173.122, 2607:fb90:caf:c504:4ce7:1658:9d82:592b, 2607:fb90:caf:c504:6577:e8cd:58f0:e683, 2607:fb90:caf:c504:c50a:9fdd:a5ad:58be",CABARRUS\CJEDWARDS
DSSNWOODSAPPTS,10.2.2.199,DSSNWOODSAPPTS\ADMINISTRATOR
DSSTSHUE,10.129.5.84,CABARRUS\TPSHUE
FINLAPPRITCH,"192.168.0.11, 2603:6080:30f:c00:4559:9288:cb8f:7ca3, 2603:6080:30f:c00:b144:4a1d:8b7f:3de6",CABARRUS\PSRITCH
ITSSPAIN,10.129.6.124,CABARRUS\MVSPAIN
SHFCACARTER,"192.168.1.69, 2600:1004:b0c5:3876:21a9:5b5e:7fd1:1abf, 2600:1004:b0c5:3876:6952:3610:7184:a493",CABARRUS\CACARTER
ARENAKNPEELER,10.9.29.14,CABARRUS\KJPEELER
SHFJJGRANGER,10.10.15.250,CABARRUS\JJGRANGER
DSSRJBROWN2,10.9.10.56,CABARRUS\DBGRASSO
DSSNCFETTERSON,"100.225.249.41, 2607:fb90:5220:828:3547:a4be:fa2c:9a2b, 2607:fb90:5220:828:9cf9:2bc0:a11d:2215, 2607:fb90:5220:828:ac15:5057:8aae:53af",CABARRUS\NCFETTERSON
BOEONESTOP-11,10.9.10.146,CABARRUS\CJEDWARDS
DSSTMSTEEN,10.129.6.135,CABARRUS\TMSTEEN
DSSCWDARMORSELL,"10.129.4.184, 10.129.6.119",CABARRUS\AWILSON
DSSREMCNEALEY,"10.129.4.220, 10.129.6.88",CABARRUS\REMCNEALEY
SHFJGARMISTEAD,10.0.0.89,CABARRUS\JGARMISTEAD
SHFLWBURGESS,"192.168.1.33, 2600:380:10de:b4d9:2485:73d0:4425:c899, 2600:380:10de:b4d9:bd52:bff4:72ad:fe62",CABARRUS\LWBURGESS
DSSLPCCONCORD,10.22.11.27,DSSLPCCONCORD\CABARRUSLPC
SHFCID-12,10.10.15.3,CABARRUS\JAHICKMAN
SHFJAHICKMAN,10.10.16.167,CABARRUS\JAHICKMAN
EMSINVENTORYPC,10.9.22.44,"CABARRUS\BLGEOGHEGAN,CABARRUS\EMS"
JAILANNEX,10.10.15.21,"CABARRUS\KDHAMILTON,CABARRUS\CRLONG,CABARRUS\AMMCCRAVEN,CABARRUS\CMCPHATTER,CABARRUS\MBYOUNG,CABARRUS\DCOLEMAN,CABARRUS\EMSTRAIGHT,CABARRUS\CNBENNETT,CABARRUS\JSBUNDY"
ITSJGREECE,192.168.86.31,CABARRUS\JGREECE
SHFJHARLESS,"10.10.15.27, 192.168.1.98, 2600:380:10fa:d00a:9daa:8d32:8e82:5ad9, 2600:380:10fa:d00a:f476:8e86:b51c:c723",CABARRUS\JHARLESS
COPINEDA,"192.168.50.31, 2603:6080:af02:4d1a:4db5:b222:1913:c97, 2603:6080:af02:4d1a:d561:eeab:16b7:3214",CABARRUS\YPINEDA
911INTERNET-19,10.10.16.123,CABARRUS\MLLAKE
ZEUS,"10.2.21.0, 169.254.73.42",
DSSASCUBE10,10.129.5.46,CABARRUS\MDAVIS
FAIRCOUNT3,10.30.5.3,CABARRUS\ECTREVATHAN
SHFJAILLAUNDRYP,10.10.15.174,CABARRUS\JBMOOSE
BIDRMCEACHERN,10.9.8.180,CABARRUS\DRMCEACHERN
SHFSNFENTRESS,10.8.63.20,CABARRUS\SNAQUILINO
DSSDFSHEPPARD,192.168.39.140,CABARRUS\DFSHEPPARD
DSSTEHUNTER,10.129.4.192,CABARRUS\TEHUNTER
TAXFUNDERBURK,"10.8.53.21, 10.9.3.175",CABARRUS\CHFUNDERBURK
DSSWESMITH,"10.129.4.222, 10.129.6.98, 100.226.224.143, 2607:fb90:ca2:315d:1db9:d384:bc19:f52b, 2607:fb90:ca2:315d:4caa:aaae:c8df:d0c1, 2607:fb90:ca2:315d:9059:1ead:b90e:4cb5",CABARRUS\WESMITH
COOPRBFURR,10.8.4.13,CABARRUS\TLECOMPTE
DSSRM233,10.129.4.38,CABARRUS\ALLEOPARD